resultado,atc,nombre,concentracion,forma,via,pagina,detalle,decision
CONCENTRACION_NO_ENCONTRADA,A03BA01,Atropina (Sulfato),0.5 – 1 mg/mL,Líquidos parenterales,SC/IM/I V,1,El catálogo tiene para ese ATC: 5 mg/mL (minsal-01700010),
CONCENTRACION_NO_ENCONTRADA,A11HA02,Vitamina B6 (Piridoxina),300mg,Sólidos orales,VO,3,El catálogo tiene para ese ATC: 50 mg (minsal-02701010),
CONCENTRACION_NO_ENCONTRADA,B02AA02,Ácido tranexamico,100 mg/mL,Líquidos parenterales,IV,3,El catálogo tiene para ese ATC: 500 mg (minsal-00901010),
CONCENTRACION_NO_ENCONTRADA,C08CA01,Amlodipino,10 mg,Sólidos orales,VO,5,El catálogo tiene para ese ATC: 5 mg (minsal-00704005),
CONCENTRACION_NO_ENCONTRADA,J05AF05,Lamivudina (3TC),10 mg/mL,Líquidos orales,VO,10,El catálogo tiene para ese ATC: (3TC) 150 mg (minsal-00502050) | (3TC) 50 mg/5 mL (minsal-00502055),
CONCENTRACION_NO_ENCONTRADA,J05AG01,N evirapina,10mg/mL,Líquidos orales,VO,10,El catálogo tiene para ese ATC: 50 mg/5 mL (minsal-00503020),
CONCENTRACION_NO_ENCONTRADA,J05AG01,Nevirapina,200 mg,Sólidos orales,VO,10,El catálogo tiene para ese ATC: 50 mg/5 mL (minsal-00503020),
CONCENTRACION_NO_ENCONTRADA,L01AA01,"Ciclofosfamida, anhidra",500 mg,Sólidos parenterales,IV,11,El catálogo tiene para ese ATC: 50 mg (minsal-02601007) | 0.5 g (minsal-02601005),
CONCENTRACION_NO_ENCONTRADA,L04AA06,Micofenolato Mofetil,500 mg,Sólidos orales,VO,13,El catálogo tiene para ese ATC: 250 mg (minsal-03901001),
CONCENTRACION_NO_ENCONTRADA,N02BE01,Acetaminofén (paracetamol),1000 mg,Líquidos parenterales,IV,15,El catálogo tiene para ese ATC: 300 mg (minsal-01200017) | 120 mg/5 mL (minsal-01200005) | 160 mg/5 mL (minsal-01200006) | 500 mg (minsal-01200010),
CONCENTRACION_NO_ENCONTRADA,R06AX13,Loratadina,1mg/mL,Líquidos orales,VO,17,El catálogo tiene para ese ATC: 5 mg/5 mL (minsal-02000035) | 10 mg (minsal-02000045),
FICHA_SIN_ATC,A03BA03,Hyoscinamina (bromuro de n- butil hioscina),10 mg,Sólidos orales,VO,1,"Existe «Hioscina N-Butil Bromuro» (minsal-01700015) pero sin ese ATC (ISSS/FOSALUD no lo traen, o MINSAL usa otro)",
FICHA_SIN_ATC,A03BA03,Hyoscinamina (bromuro de n- butil hioscina),20 mg/mL,Líquidos parenterales,IM/IV,1,"Existe «Hioscina N-Butil Bromuro» (minsal-01700015) pero sin ese ATC (ISSS/FOSALUD no lo traen, o MINSAL usa otro)",
FICHA_SIN_ATC,A04AA02,Granisetron,1 mg,Sólidos orales,VO,1,"Existe «Granisetron (Clorhidrato)» (isss-8060504) pero sin ese ATC (ISSS/FOSALUD no lo traen, o MINSAL usa otro)",
FICHA_SIN_ATC,A04AA02,Granisetron,1 mg/mL,Líquidos parenterales,IV,1,"Existe «Granisetron (Clorhidrato)» (isss-8060504) pero sin ese ATC (ISSS/FOSALUD no lo traen, o MINSAL usa otro)",
FICHA_SIN_ATC,A10AE01,Insulina humana isofana NPH ADNr,100 UI/mL,Suspensión inyectable*,SC,2,"Existe «Insulina Humana Isofana NPH - ADN Recombinante» (minsal-02301010-2) pero sin ese ATC (ISSS/FOSALUD no lo traen, o MINSAL usa otro)",
FICHA_SIN_ATC,A11GA01,Vitamina C (Ácido ascórbico),500 mg,Sólidos orales,VO,3,"Existe «Ácido Ascórbico» (minsal-02701005) pero sin ese ATC (ISSS/FOSALUD no lo traen, o MINSAL usa otro)",
FICHA_SIN_ATC,A12BA01,Potasio (cloruro),20 mEq/15mL,Líquidos orales,VO,3,"Existe «Potasio Cloruro» (minsal-02800085) pero sin ese ATC (ISSS/FOSALUD no lo traen, o MINSAL usa otro)",
FICHA_SIN_ATC,A12CC02,Magnesio (sulfato),50%,Líquidos parenterales,IM/IV,3,"Existe «Magnesio Sulfato» (minsal-02800080) pero sin ese ATC (ISSS/FOSALUD no lo traen, o MINSAL usa otro)",
FICHA_SIN_ATC,B05CB04,Bicarbonato de Sodio,(44.6 - 50) mEq/50 mL,Solución inyectable*,IV,4,"Existe «Bicarbonato de Sodio» (minsal-04010101) pero sin ese ATC (ISSS/FOSALUD no lo traen, o MINSAL usa otro)",
FICHA_SIN_ATC,B05XA03,Cloruro de Sodio,20%,Solución inyectable*,IV,4,"Existe «Sodio Cloruro» (minsal-02800103) pero sin ese ATC (ISSS/FOSALUD no lo traen, o MINSAL usa otro)",
FICHA_SIN_ATC,C09AA01,Captopril,25 mg,Sólidos orales,VO,6,"Existe «Captopril» (isss-8040410) pero sin ese ATC (ISSS/FOSALUD no lo traen, o MINSAL usa otro)",
FICHA_SIN_ATC,G01AF02,Clotrimazol,1%,Semisólidos,Vaginal,6,"Existe «Clotrimazol» (minsal-03200030) pero sin ese ATC (ISSS/FOSALUD no lo traen, o MINSAL usa otro)",
FICHA_SIN_ATC,J05AJ03,Dolutegravir (sódico),50 mg,Sólidos orales,VO,11,"Existe «Dolutegravir» (minsal-00505000) pero sin ese ATC (ISSS/FOSALUD no lo traen, o MINSAL usa otro)",
FICHA_SIN_ATC,L01DC03,Mitomicina (5mg – 20mg),5 mg,Sólidos parenterales,IV,12,"Existe «Mitomicina C» (isss-8060125) pero sin ese ATC (ISSS/FOSALUD no lo traen, o MINSAL usa otro)",
FICHA_SIN_ATC,L01EA01,Imatinib,"100 mg, 400 mg",Sólidos orales,VO,12,"Existe «Imatinib (Mesilato)» (minsal-02600005) pero sin ese ATC (ISSS/FOSALUD no lo traen, o MINSAL usa otro)",
FICHA_SIN_ATC,L04AD01,Ciclosporina A,100 mg/mL,Líquidos orales,VO,13,"Existe «Ciclosporina A» (minsal-02608010) pero sin ese ATC (ISSS/FOSALUD no lo traen, o MINSAL usa otro)",
FICHA_SIN_ATC,L04AD01,Ciclosporina A,"25 mg, 100 mg",Sólidos orales,VO,13,"Existe «Ciclosporina A» (minsal-02608010) pero sin ese ATC (ISSS/FOSALUD no lo traen, o MINSAL usa otro)",
FICHA_SIN_ATC,L04AX03,Metotrexato,2.5 mg,Sólidos orales,VO,13,"Existe «Metotrexato» (minsal-01002015) pero sin ese ATC (ISSS/FOSALUD no lo traen, o MINSAL usa otro)",
FICHA_SIN_ATC,N02CA72,Ergotamina + Cafeína,1 mg + 100 mg,Sólidos orales,VO,15,"Existe «Ergotamina Tartrato + Cafeína» (minsal-02210005) pero sin ese ATC (ISSS/FOSALUD no lo traen, o MINSAL usa otro)",
FICHA_SIN_ATC,R06AA11,Dimenhidrinato,50 mg,Sólidos orales,VO,1,"Existe «Dimenhidrinato» (minsal-02101005) pero sin ese ATC (ISSS/FOSALUD no lo traen, o MINSAL usa otro)",
FICHA_SIN_ATC,R06AA11,Dimenhidrinato,50 mg/mL,Líquidos parenterales,"IM, IV",2,"Existe «Dimenhidrinato» (minsal-02101005) pero sin ese ATC (ISSS/FOSALUD no lo traen, o MINSAL usa otro)",
FICHA_SIN_ATC,S02CA03,Ciprofloxacina + Hidrocortisona,0.2 % + 1%,Suspensión ótica,Ótica,19,"Existe «Ciprofloxacina (Clorhidrato) + Hidrocortisona» (isss-8110020) pero sin ese ATC (ISSS/FOSALUD no lo traen, o MINSAL usa otro)",
NOMBRE_DISTINTO,B02BD04,Factor de coagulación IX,500 UI +/- 20%/vial,Sólidos parenterales,IV,3,"Mismo ATC pero el catálogo dice «Factor IX Humano,» (minsal-02900053)",
NOMBRE_DISTINTO,S01XA03,Solución Salina Balanceada Estéril para Irrigación Intraocular,305 mOsm/L,Solución p/irrigación oftálmica,Oftálmic a,18,"Mismo ATC pero el catálogo dice «Solución Salina Balanceada Compuesta por Sodio Cloruro, Cloruro de Potasio, Cloruro de Calcio, Cloruro de Magnesio, Acetato de Sodio y Citrato de Sodio osmolaridad aproximada de» (minsal-03100095)",
NOMBRE_DISTINTO,S01XA20,Carbacol,0.01%,Solución intraocular,Oftálmic a,18,Mismo ATC pero el catálogo dice «Ácido Poliacrílico» (minsal-03100010),
POSIBLE_FALTANTE,B05CX01,Dextrosa en agua destilada,"5%, 10%, 50%",Solución inyectable*,IV,4,No hay ficha con ese ATC ni con un nombre parecido,
POSIBLE_FALTANTE,N02BE71,Acetaminofén + Oxicodona,325 mg + 5 mg,Sólidos orales,VO,15,No hay ficha con ese ATC ni con un nombre parecido,
COINCIDE,A02BA02,Ranitidina,50 mg,Líquidos parenterales,IM/IV,1,,
COINCIDE,A02BA03,Famotidina,40 mg,Sólidos orales,VO,1,,
COINCIDE,A02BC01,Omeprazol,20 mg,Sólidos orales,VO,1,,
COINCIDE,A02BC01,Omeprazol,40 mg,Sólidos parenterales,IV,1,,
COINCIDE,A03FA01,Metoclopramida (clorhidrato),5 mg/ml,Líquidos parenterales,IM/IV,1,,
COINCIDE,A03FA01,Metoclopramida (clorhidrato),10 mg,Sólidos orales,VO,1,,
COINCIDE,A04AA01,Ondansetron,8 mg,Sólidos orales,VO,1,,
COINCIDE,A04AA01,Ondansetron,2 mg/mL,Líquidos parenterales,IV,1,,
COINCIDE,A06AB05,Aceite de ricino,,Líquidos orales,VO,2,,
COINCIDE,A06AC01,Ispaghula (Psyllium muciloide hidrofílico),31-50%,Sólidos orales,VO,2,,
COINCIDE,A06AD11,Lactulosa,10 g/15 mL,Líquidos orales,VO,2,,
COINCIDE,A07AA02,Nistatina,"100,000 UI/mL",Líquidos orales,VO,2,,
COINCIDE,A07BA01,Carbón activado,,Sólidos orales,VO,2,,
COINCIDE,A07DA03,Loperamida clorhidrato,2 mg,Sólidos orales,VO,2,,
COINCIDE,A07EC01,Sulfasalazina,500 mg,Sólidos orales,VO,2,,
COINCIDE,A10AB01,Insulina humana cristalina ADNr,100 UI/mL,Solución inyectable*,SC/IV,2,,
COINCIDE,A10BA02,Metformina,850 mg,Sólidos orales,VO,2,,
COINCIDE,A10BB12,Glimepirida,2 y 4 mg,Sólidos orales,VO,2,,
COINCIDE,A11CA01,Vitamina A,50000 UI,Sólidos orales,VO,2,,
COINCIDE,A11CC05,Vitamina D3 (Colecalciferol),0.25 mcg,Sólidos orales,VO,2,,
COINCIDE,A11DA01,Vitamina B1 (Tiamina),100 mg/mL,Líquidos parenterales,IM/IV,3,,
COINCIDE,A12AA03,Calcio (gluconato),10%,Líquidos parenterales,IV,3,,
COINCIDE,A12AA04,Calcio (carbonato),600 mg,Sólidos orales,VO,3,,
COINCIDE,A12CB01,Zinc (sulfato),10 mg/5mL,Líquidos orales,VO,3,,
COINCIDE,B01AA03,Warfarina Sódica,5mg,Sólidos orales,VO,3,,
COINCIDE,B01AB01,Heparina (sódica),5000 UI/mL,Solución inyectable**,SC/IV,3,,
COINCIDE,B01AB05,Enoxaparina Sódica,"20 mg (2,000 UI) - 60 mg (6,000 UI)",Solución inyectable**,SC,3,,
COINCIDE,B01AC04,Clopidogrel (bisulfato),75 mg,Sólidos orales,VO,3,,
COINCIDE,B01AC06,Ácido Acetilsalicilico*,80 -100 mg,Sólidos orales,VO,3,,
COINCIDE,B01AD01,Estreptoquinasa,"1,500,000 UI",Sólidos parenterales,IV,3,,
COINCIDE,B02BA01,Fitomenadiona (Vitamina K1),10 mg/mL,Líquidos parenterales,SC/IM/I V,3,,
COINCIDE,B02BD02,Factor de coagulación VIII,500 UI +/- 20%/vial,Sólidos parenterales,IV,3,,
COINCIDE,B03AA07,Sulfato Ferroso,125mg/mL,Líquidos orales,VO,4,,
COINCIDE,B03AA07,Sulfato Ferroso,300mg,Sólidos orales,VO,4,,
COINCIDE,B03BA01,Cianocobalamina,1000 mcg/mL,Líquidos parenterales,IM,4,,
COINCIDE,B03BB01,Ácido Fólico,5 mg,Sólidos orales,VO,4,,
COINCIDE,B05AA01,Albúmina Humana,20-25 %,Solución inyectable*,IV,4,,
COINCIDE,B05BB01,Solución electrolítica Hartman o Ringer,,Solución inyectable*,IV,4,,
COINCIDE,B05BB02,Dextrosa + cloruro de sodio,(5 + 0.9) %,Solución inyectable*,IV,4,,
COINCIDE,B05BB02,Dextrosa + cloruro de sodio,(5 + 03) %,Solución inyectable*,IV,4,,
COINCIDE,B05BC01,Manitol,20%,Solución inyectable*,IV,4,,
COINCIDE,B05CB01,Cloruro de Sodio en agua destilada,0.90%,Solución inyectable*,IV,4,,
COINCIDE,B05XA01,Cloruro de Potasio,2 mEq/mL,Solución inyectable*,IV,4,,
COINCIDE,C01AA05,Digoxina,0.25 mg,Sólidos orales,VO,4,,
COINCIDE,C01AA05,Digoxina,0.25 mg/mL,Líquidos parenterales,IV,4,,
COINCIDE,C01BD01,Amiodarona,200 mg,Sólidos orales,VO,4,,
COINCIDE,C01BD01,Amiodarona,50 mg/mL,Líquidos parenterales,IV,4,,
COINCIDE,C01CA03,Norepinefrina,1 mg/mL (1:1000),Líquidos parenterales,IV,4,,
COINCIDE,C01CA04,Dopamina,40 mg/mL,Líquidos parenterales,IV,4,,
COINCIDE,C01CA06,Fenilefrina,10 mg/mL,Líquidos parenterales,SC/IM/I V,4,,
COINCIDE,C01CA07,Dobutamina,12.5 mg/mL,Líquidos parenterales,IV,5,,
COINCIDE,C01CA24,Epinefrina,1 mg/mL (1:1000),Líquidos parenterales,SC/IM/I V,5,,
COINCIDE,C01CA26,Efedrina,25mg/mL,Líquidos parenterales,SC/IM/I V,5,,
COINCIDE,C01DA02,Trinitrato de glicerilo (Nitroglicerina),(18 – 25 mg),Parche,TD,5,,
COINCIDE,C01DA02,Trinitrato de glicerilo (Nitroglicerina),5 mg/mL,Líquidos parenterales,IV,5,,
COINCIDE,C01DA08,Dinitrato de isosorbide,5 mg,Sólidos orales,SL,5,,
COINCIDE,C01DA14,Mononitrato de isosorbide,40 mg,Sólidos orales,VO,5,,
COINCIDE,C02AB01,Metildopa (levorotatoria),500 mg,Sólidos orales,VO,5,,
COINCIDE,C02DB02,Hidralazina,50 mg,Sólidos orales,VO,5,,
COINCIDE,C02DB02,Hidralazina,20 mg,Sólidos y/o Líquidos parenterales,IV,5,,
COINCIDE,C03AA03,Hidroclorotiazida,25 mg,Sólidos orales,VO,5,,
COINCIDE,C03CA01,Furosemida,40 mg,Sólidos orales,VO,5,,
COINCIDE,C03CA01,Furosemida,10 mg/mL,Líquidos orales,VO,5,,
COINCIDE,C03CA01,Furosemida,10 mg/mL,Líquidos parenterales,IV,5,,
COINCIDE,C03DA01,Espironolactona,"25 mg,100 mg",Sólidos orales,VO,5,,
COINCIDE,C07AA05,Propranolol,"10 mg, 40 mg",Sólidos orales,VO,5,,
COINCIDE,C07AB03,Atenolol,100 mg,Sólidos orales,VO,5,,
COINCIDE,C07AG02,Carvedilol,"6.25 mg, 25 mg",Sólidos orales,VO,5,,
COINCIDE,C08CA01,Amlodipino,5 mg,Sólidos orales,VO,5,,
COINCIDE,C08CA05,Nifedipino*,10 mg,Sólidos orales,VO,5,,
COINCIDE,C08CA06,Nimodipino,30 mg,Sólidos orales,VO,5,,
COINCIDE,C08DA01,Verapamilo,"80 mg, 240 mg",Sólidos orales,VO,5,,
COINCIDE,C08DA01,Verapamilo,2.5 mg/mL,Líquidos parenterales,IV,6,,
COINCIDE,C09AA02,Enalapril,20 mg,Sólidos orales,VO,6,,
COINCIDE,C09CA04,Irbesartan,"150 mg, 300 mg",Sólidos orales,VO,6,,
COINCIDE,C10AA05,Atorvastatina cálcica,"10 mg, 40 mg",Sólidos orales,VO,6,,
COINCIDE,C10AB08,Ciprofibrato,100 mg,Sólidos orales,VO,6,,
COINCIDE,D01AC01,Clotrimazol,1%,Semisólidos,Tópica,6,,
COINCIDE,D01AC08,Ketoconazol,"1%, 2 %",Semisólidos,Tópica,6,,
COINCIDE,D05AD02,Metoxaleno,0.4%,Semisólidos,Tópica,6,,
COINCIDE,D05BA02,Metoxaleno,10 mg,Sólidos orales,VO,6,,
COINCIDE,D06AX01,Ácido fusídico,2%,Semisólidos,Tópica,6,,
COINCIDE,D06BA01,Sulfadiazina de plata,1%,Semisólidos,Tópica,6,,
COINCIDE,D07AA02,Hidrocortisona,1%,Semisólidos,Tópica,6,,
COINCIDE,D07AC01,Betametasona,0.1%,Semisólidos,Tópica,6,,
COINCIDE,J04AB02,Rifampicina,100 mg/5mL,Líquidos orales,VO,10,,
COINCIDE,J04AC01,Isoniazida,"100 mg, 300 mg",Sólidos orales,VO,10,,
COINCIDE,J04AD03,E tionamida,"250 mg, 500 mg",Sólidos orales,VO,10,,
COINCIDE,J04AK01,Pirazinamida,500 mg,Sólidos orales,VO,10,,
COINCIDE,J04AK02,Etambutol,400 mg,Sólidos orales,VO,10,,
COINCIDE,J04AM02,Rifampicina + Isoniacida,150 mg + 150 mg,Sólidos orales,VO,10,,
COINCIDE,J04AM06,Rifampicina + Pirazinamida + Etambutol + Isoniacida,150 mg/400 mg/275 mg/75 mg,Sólidos orales,VO,10,,
COINCIDE,J04BA01,C lofazimina,"50 mg, 100 mg",Sólidos orales,VO,10,,
COINCIDE,J04BA02,Dapsona,100 mg,Sólidos orales,VO,10,,
COINCIDE,J05AB01,Aciclovir,400 mg,Sólidos orales,VO,10,,
COINCIDE,J05AB01,Aciclovir,200 mg/5mL,Líquidos orales,VO,10,,
COINCIDE,J05AB01,Aciclovir,250 mg,Sólidos parenterales,IV,10,,
COINCIDE,J05AB06,Ganciclovir,500 mg,Sólidos parenterales,IV,10,,
COINCIDE,J05AE03,Ritonavir,100 mg,Sólidos orales,VO,10,,
COINCIDE,J05AE03,Ritonavir,400 mg/5mL,Líquidos orales,VO,10,,
COINCIDE,J05AF01,Zidovudina (AZT),50 mg/5 mL,Líquidos orales,VO,10,,
COINCIDE,J05AF01,Zidovudina (AZT),10 mg/mL,Líquidos parenterales,IV,10,,
COINCIDE,J05AF05,Lamivudina (3TC),150 mg,Sólidos orales,VO,10,,
COINCIDE,J05AF06,A bacavir,300 mg,Sólidos orales,VO,10,,
COINCIDE,J05AF07,Tenofovir disoproxil,300 mg,Sólidos orales,VO,10,,
COINCIDE,J05AG03,Efavirenz,"200 mg, 600 mg",Sólidos orales,VO,10,,
COINCIDE,J05AG04,Etravirina,100 mg,Sólidos orales,VO,10,,
COINCIDE,J05AR01,Zidovudina + Lamivudina,300 mg + 150 mg,Sólidos orales,VO,10,,
COINCIDE,J05AR03,Tenofovir disoproxil + Emtricitabina,300 mg + 200 mg,Sólidos orales,VO,10,,
COINCIDE,J05AR06,Emtricitabina + Tenofovir disoproxil + Efavirenz,200 mg + 300 mg + 600 mg,Sólidos orales,VO,11,,
COINCIDE,J05AR10,Lopinavir + Ritonavir,200 mg + 50 mg,Sólidos orales,VO,11,,
COINCIDE,J05AR27,Dolutegravir + Lamivudina + Tenofovir disoproxil,50 mg + 300 mg + 300 mg,Sólidos orales,VO,11,,
COINCIDE,J06AA03,Suero antiofídico polivalente,,Sólidos y Líquidos parenterales,IV,11,,
COINCIDE,J06BA02,Inmunoglobulina h umana normal,"1g, 5g - 6 g",Sólidos y Líquidos parenterales,IV,11,,
COINCIDE,J06BB01,Inmunoglobulina Anti-D (Rh),300 mcg (1500 UI),Líquidos parenterales,IM,11,,
COINCIDE,J06BB02,Inmunoglobulina antitetánica humana,250 UI,Líquidos parenterales,IM,11,,
COINCIDE,J06BB05,Inmunoglobulina humana antirrábica,150 UI/mL.,Líquidos parenterales,"IL, IM",11,,
COINCIDE,L01AA01,"Ciclofosfamida, anhidra",50 mg,Sólidos orales,VO,11,,
COINCIDE,L01AA02,Clorambucil,2 mg,Sólidos orales,VO,11,,
COINCIDE,L01AA03,Melfalan,2 mg,Sólidos orales,VO,11,,
COINCIDE,L01AA06,Ifosfamida,1 g,Sólidos parenterales,IV,11,,
COINCIDE,L01AX04,Dacarbazina,200 mg,Sólidos parenterales,IV,11,,
COINCIDE,L01BA01,M etotrexato,25 mg/mL,Sólidos parenterales o Líquidos parenterales,"IM, IV",11,,
COINCIDE,L01BA01,Metotrexato,2.5 mg,Sólidos orales,VO,11,,
COINCIDE,L01BB02,Mercaptopurina,50 mg,Sólidos orales,VO,11,,
COINCIDE,L01BB05,Fludarabina,50 mg,Sólidos parenterales,IV,11,,
COINCIDE,L01BC01,Citarabina,"100 mg, 500 mg",Sólidos parenterales o Líquidos parenterales,IV,12,,
COINCIDE,L01BC02,5-Fluorouracilo,500 mg,Líquidos parenterales,IV,12,,
COINCIDE,L01BC05,Gemcitabina,1 g,Sólidos parenterales,IV,12,,
COINCIDE,L01BC06,Capecitabina,500 mg,Sólidos orales,VO,12,,
COINCIDE,L01CA01,Vinblastina (sulfato),10 mg,Sólidos parenterales,IV,12,,
COINCIDE,L01CA02,Vincristina (sulfato),1 mg/mL,Líquidos parenterales,IV,12,,
COINCIDE,L01CB01,Etopósido,20 mg/mL,Líquidos parenterales,IV,12,,
COINCIDE,L01CD01,Paclitaxel,6 mg/mL,Líquidos parenterales,IV,12,,
COINCIDE,L01DB01,Doxorrubicina,50mg,Sólidos parenterales,IV,12,,
COINCIDE,L01DB07,Mitoxantrona ( clorhidrato),2 mg/mL,Líquidos parenterales,IV,12,,
COINCIDE,L01DC01,Bleomicina (sulfato),15 Unidades,Sólidos parenterales,"IM, IV",12,,
COINCIDE,L01FA01,Rituximab,10 mg/mL,Concentrado para infusión,IV,12,,
COINCIDE,L01XA01,Cisplatino,50 mg,Sólidos parenterales o Líquidos parenterales,IV,12,,
COINCIDE,L01XA02,Carboplatino,"150 mg, 450 mg",Sólidos parenterales o Líquidos parenterales,IV,12,,
COINCIDE,L01XA03,Oxaliplatino,100 mg,Sólidos parenterales o Líquidos parenterales,IV,12,,
COINCIDE,L01XX02,L-Asparaginasa,"10,000 UI",Sólidos parenterales,IV/IM,12,,
COINCIDE,L01XX05,Hidroxiurea (Hidroxicarbami d a),500 mg,Sólidos orales,VO,12,,
COINCIDE,L02BA01,Tamoxifeno (citrato),20 mg,Sólidos orales,VO,12,,
COINCIDE,L03AA02,Filgrastim,300 mcg,Líquidos parenterales,"IV, SC",12,,
COINCIDE,L03AB05,Interferon alfa 2b recombinante,5 millones Unidades,Sólidos parenterales,"IV, SC",12,,
COINCIDE,L04AA06,Micofenolato Mofetil,250 mg,Sólidos orales,VO,13,,
COINCIDE,L04AA13,Leflunomida,20 mg,Sólidos orales,VO,13,,
COINCIDE,L04AC02,Basiliximab,20 mg,Sólidos parenterales,IV,13,,
COINCIDE,L04AD02,Tacrolimus,1 mg,Sólidos orales,VO,13,,
COINCIDE,L04AX01,Azatioprina,50 mg,Sólidos orales,VO,13,,
COINCIDE,L04AX02,Talidomida,100 mg,Sólidos orales,VO,13,,
COINCIDE,M01AB01,Indometacina,25 mg,Sólidos orales,VO,13,,
COINCIDE,M01AB05,Diclofenaco sódico,50 mg,Sólidos orales,VO,13,,
COINCIDE,M01AB05,Diclofenaco sódico,25 mg/mL,Líquidos parenterales,IM,13,,
COINCIDE,M01AB15,Ketorolaco (Trometamina),30 mg/mL,Líquidos parenterales,"IM, IV",13,,
COINCIDE,M01AE01,Ibuprofeno,400 mg,Comprimidos,VO,13,,
COINCIDE,M01AE01,Ibuprofeno,100 mg/5 mL,Suspensión oral,VO,13,,
COINCIDE,M03AB01,Succinilcolina (Suxametonium) cloruro,500 mg,Sólidos parenterales,IV,13,,
COINCIDE,M03AC11,C isatracurio,2 mg/mL,Líquidos parenterales,IV,13,,
COINCIDE,M03AX01,Toxina Botulínica Tipo A,100 Unidades,Sólidos parenterales,"IM, ID",13,,
COINCIDE,M03BA03,Metocarbamol,500 mg,Sólidos orales,VO,13,,
COINCIDE,M03BC01,Orfenadrina citrato,30 mg/mL,Líquidos parenterales,"IM, IV",13,,
COINCIDE,M03BX01,Baclofeno,"10 mg, 25 mg",Sólidos orales,VO,13,,
COINCIDE,M03BX02,Tizanidina (clorhidrato),4 mg,Sólidos orales,VO,13,,
COINCIDE,M04AA01,Alopurinol,300 mg,Sólidos orales,VO,14,,
COINCIDE,M04AC01,Colchicina,0.5 mg,Sólidos orales,VO,14,,
COINCIDE,M05BA04,Alendronato sódico,70 mg,Sólidos orales,VO,14,,
COINCIDE,N01AB08,Sevoflurano,,Solución p/inhalación,INH,14,,
COINCIDE,N01AH01,Fentanil (citrato),0.05 mg/mL,Líquidos parenterales,"IM, IV",14,,
COINCIDE,N01AH06,Remifentanil (clorhidrato)*,"2 mg, 5 mg",Sólidos parenterales,IV,14,,
COINCIDE,N01AX03,Ketamina,50 mg/mL,Líquidos parenterales,IV,14,,
COINCIDE,N01AX07,Etomidato,2 mg/mL,Líquidos parenterales,IV,14,,
COINCIDE,N01AX10,Propofol,"10 mg/mL, 20 mg/mL",Líquidos parenterales,IV,14,,
COINCIDE,N01BB01,Bupivacaína clorhidrato,0.50%,Líquidos parenterales,"SC, ID, IM, IA, EPI, IT, PN, PO",14,,
COINCIDE,N01BB02,Lidocaína clorhidrato,2%,Líquidos parenterales,"IM, IV, SC",14,,
COINCIDE,N01BB02,Lidocaína,10%,Líquidos tópicos,Tópica,14,,
COINCIDE,N01BB03,Mepivacaína clorhidrato,3%,Líquidos parenterales,PN,14,,
COINCIDE,N01BB51,Bupivacaína clorhidrato + Dextrosa anhidra,0.5 % + (7.5 – 8%),Líquidos parenterales,SA,14,,
COINCIDE,N01BB52,Lidocaína + Epinefrina,"2% + (1:50,000 – 1:100,000)",Líquidos parenterales,"SC, IM",14,,
COINCIDE,N02AA01,Morfina sulfato,10 mg/mL,Líquidos parenterales,"IM, IV, SC",14,,
COINCIDE,N02AA01,Morfina sulfato,30 mg,Sólidos orales,VO,14,,
COINCIDE,N02AA05,Oxicodona,10 mg,Sólidos orales,VO,14,,
COINCIDE,N02AB02,Petidina clorhidrato,50 mg/mL,Líquidos parenterales,"SC, IM, IV",14,,
COINCIDE,N02AX02,Tramadol clorhidrato,50 mg/mL,Líquidos parenterales,"IM, IV, SC",14,,
COINCIDE,N02AX02,Tramadol clorhidrato,100 mg/mL,Líquidos orales,VO,15,,
COINCIDE,N02AX02,Tramadol clorhidrato,50 mg,Sólidos orales,VO,15,,
COINCIDE,N02BE01,Acetaminofén (paracetamol),500 mg,Sólidos orales,VO,15,,
COINCIDE,N02BE01,Acetaminofén (paracetamol),120 – 160 mg/ 5mL,Líquidos orales,VO,15,,
COINCIDE,N02BE01,Acetaminofén (paracetamol),125 – 300 mg,Supositorio,R,15,,
COINCIDE,N03AA02,Fenobarbital,100 mg,Sólidos orales,VO,15,,
COINCIDE,N03AA02,Fenobarbital,20 mg/5mL,Líquidos orales,VO,15,,
COINCIDE,N03AA02,Fenobarbital sódico,65 mg/mL,Líquidos parenterales,IV/IM,15,,
COINCIDE,N03AB02,Fenitoína sódica,100 mg,Sólidos orales,VO,15,,
COINCIDE,N03AB02,Fenitoína sódica,50 mg/mL,Líquidos parenterales,IV,15,,
COINCIDE,N03AB02,Fenitoína sódica,125 mg/5 mL,Líquidos orales,VO,15,,
COINCIDE,N03AE01,Clonazepam,2 mg,Sólidos orales,VO,15,,
COINCIDE,N03AF01,Carbamazepina,200 mg,Sólidos orales,VO,15,,
COINCIDE,N03AG01,Ácido valproico,500 mg,Sólidos orales,VO,15,,
COINCIDE,N03AG01,Ácido valproico / Valproato sódico,250 mg/5 mL / 200 mg/mL,Líquidos orales,VO,15,,
COINCIDE,N04AA02,Biperideno clorhidrato,2 mg,Sólidos orales,VO,15,,
COINCIDE,N04AA02,Biperideno lactato,5 mg/mL,Líquidos parenterales,"IV, IM",15,,
COINCIDE,N04BA02,Levodopa + carbidopa,250 mg + 25 mg,Sólidos orales,VO,15,,
COINCIDE,N04BB01,Amantadina (clorhidrato o sulfato),100 mg,Sólidos orales,VO,15,,
COINCIDE,N05AA01,Clorpromazina (clorhidrato),100 mg,Sólidos orales,VO,15,,
COINCIDE,N05AA01,Clorpromazina (clorhidrato),25 mg/mL,Líquidos parenterales,"IM, IV",15,,
COINCIDE,P01BD01,Pirimetamina,25 mg,Sólidos orales,VO,17,,
COINCIDE,P01CC01,Nifurtimox,120 mg,Sólidos orales,VO,17,,
COINCIDE,P02CA01,Mebendazol,100 mg,Sólidos orales,VO,17,,
COINCIDE,P02CA01,Mebendazol,100 mg/5mL,Líquidos orales,VO,17,,
COINCIDE,P02CA03,Albendazol,200 mg,Sólidos orales,VO,17,,
COINCIDE,P03AC04,Permetrina,1%,Líquidos tópicos,Tópica,17,,
COINCIDE,P03AC04,Permetrina,5%,Líquidos o Semisólidos tópicos,Tópica,17,,
COINCIDE,R03AC02,Salbutamol (sulfato),100 mcg/dosis,Aerosol,INH,17,,
COINCIDE,R03AC02,Salbutamol (sulfato),0.50%,Solución para nebulización,INH,17,,
COINCIDE,R03AC13,Formoterol fumarato *,12 mcg/dosis,Polvo para inhalación en capsula,INH,17,,
COINCIDE,R03BA01,Beclometasona dipropionato,50 mcg/dosis,Aerosol,INH,17,,
COINCIDE,R03BA01,Beclometasona dipropionato,250 mcg/dosis,Aerosol,INH,17,,
COINCIDE,R03BA02,Budesonida,0.5mg - 1 mg /mL,Suspensión para nebulización,INH,17,,
COINCIDE,R03BB01,Ipratropio bromuro,250 mcg/mL,Solución para Nebulización,INH,17,,
COINCIDE,R03BB01,Ipratropio bromuro,20 mcg/dosis,Aerosol,INH,17,,
COINCIDE,R03DA05,Aminofilina,25 mg/mL,Solución inyectable,IV,17,,
COINCIDE,R06AA02,Difenhidramina clorhidrato,50 mg/mL,Líquidos parenterales,"IM, IV",17,,
COINCIDE,R06AB04,Clorfeniramina maleato,4 mg,Sólidos orales,VO,17,,
COINCIDE,R06AB04,Clorfeniramina maleato,2 mg/5mL,Líquidos orales,VO,17,,
COINCIDE,R06AB04,Clorfeniramina maleato,10 mg/mL,Líquidos parenterales,"IM, IV",17,,
COINCIDE,R06AX13,Loratadina,10 mg,Sólidos orales,VO,18,,
COINCIDE,S01AA01,Cloranfenicol,0.50%,Solución oftálmica,,18,,
COINCIDE,S01AA01,Cloranfenicol,1%,Ungüento,Oftálmic a,18,,
COINCIDE,S01AA12,Tobramicina,0.30%,Solución oftálmica,Oftálmic a,18,,
COINCIDE,S01AD03,Aciclovir,3%,Ungüento oftálmico,Tópico,18,,
COINCIDE,S01BA04,Prednisolona acetato,1%,Suspensión oftálmica,Oftálmic a,18,,
COINCIDE,S01BC03,Diclofenaco sódico,0.10%,Solución oftálmica,Oftálmic a,18,,
COINCIDE,S01EC01,Acetazolamida,250 mg,Sólidos orales,VO,18,,
COINCIDE,S01EC03,Dorzolamida (clorhidrato),2%,Solución oftálmica,Oftálmic a,18,,
COINCIDE,S01ED01,Timolol (maleato),0.50%,Solución oftálmica,Oftálmic a,18,,
COINCIDE,S01EE01,Latanoprost,0.005%,Solución oftálmica,Oftálmic a,18,,
COINCIDE,S01FA01,Atropina sulfato,0.5 – 1%,Solución oftálmica,Oftálmic a,18,,
COINCIDE,S01FA56,Tropicamida + Fenilefrina Clorhidrato,(0.5-0.8)% + 5%,Solución oftálmica,Oftálmic a,18,,
COINCIDE,S01HA03,Tetracaína clorhidrato,0.50%,Solución oftálmica,Oftálmic a,18,,
COINCIDE,S01XA20,Ácido Poliacrilico,0.20%,Gel oftálmico,Tópico,18,,
COINCIDE,S01XA20,Lagrimas artificiales (Polividona 0.5% + electrolitos) o,,Solución oftálmica,Oftálmic a,18,,
COINCIDE,V03AB14,Protamina sulfato,10 mg/mL,Líquidos parenterales,IV,19,,
COINCIDE,V03AB15,Naloxona clorhidrato,0.4 mg/mL,Líquidos parenterales,"IM, IV",19,,
COINCIDE,V03AB25,Flumazenil,0.1 mg/mL,Líquidos parenterales,IV,19,,
COINCIDE,V03AF01,Mesna,100 mg/mL,Líquidos parenterales,IV,19,,
COINCIDE,V03AF03,Folinato cálcico (leucovorina),10 – 50 mg/mL,Polvo para solución o solución inyectable,"IV, IM",19,,
