codigo,pagina,motivo,nombre,concentracion,forma,presentacion_ocr,decision
00101005,22,lectura por OCR: verificar contra el escaneo,Mebendazol,100 mg,Tableta,"empaque rrmaro Individual, Protegcido de la l117",
00102005,22,lectura por OCR: verificar contra el escaneo,Metronidazol (Benzoil),250 mg/ 5mL,Suspensión Oral,"Frasco (1<U 15U) mL, con dosificador graduado tipo jeringa o pipeta, Protegaido de la luz",
00102010,22,lectura por OCR: verificar contra el escaneo,Metronidazol,500 mg,Tableta,"empaque Primario Individual, Protegido de la l117",
00102020,22,lectura por OCR: verificar contra el escaneo,"Diloxanida, Furoato",500 mg,Tableta,"Empaque Primario Individual o Frasco, Protegido de la Luz",
00201010,22,lectura por OCR: verificar contra el escaneo,Gentamicina (Sulfato),40 mg/mL,Solución Inyectable I.M AN,Frasco Vial o Ampolla 2 mL,
00202005,22,lectura por OCR: verificar contra el escaneo,Amoxicilina,250 mg/ 5 mL,Polvo Para Suspensión Oral,"Frasco 100 mL, con Dosificador Graduado Tipo Jerinaa O Pineta",
00202010,22,lectura por OCR: verificar contra el escaneo,Amoxicilina,500 mg,Cápsula o Tableta,Empaque Primario Individual,
00202022,23,nivel de uso «E» no está en la leyenda de la edición (se omite),Cefadroxilo (Monohidrato),250mg/5mL,Polvo o gránulos par suspensión oral,"Frasco de (60-100 mL, con dosificad: graduado",
00202065,23,código corregido por OCR: 00202061 → 00202065,Penicilina G (Benzatínica),1.2 Millones Ul,Polvo Para Suspensión Inyectable 1.M,Frasco Vial con c sin Diluyente,
00207015,23,lectura por OCR: verificar contra el escaneo,Claritromicina,250 mg/ 5 mL,POWO O Gránulos Par: Suspensión Oral,"Frasco (5U 00) mL, con dosificada graduado tipo leringa O vineta",
00207020,23,nivel de uso «E» no está en la leyenda de la edición (se omite); código corregido por OCR: 00207021 → 00207020,Claritromicina,500 mg,Tableta Recubierta,Empaque Primari Individual,
00208005,23,código corregido por OCR: 00208002 → 00208005,Ciprofloxacina (Clorhidrato),500 mg,Tableta Recubierta,Empaque Primaric Individual,
00209005,23,nivel de uso «E» no está en la leyenda de la edición (se omite),Trimetoprim + Sulfametoxazol,(40 + 200)mg/ 5 mL,Suspensión Oral,"Frasco 1UU0 mL, co Dosificador Graduado tipo jeringa o pipeta. Protegido de la l11",
00209010,24,lectura por OCR: verificar contra el escaneo,Trimetoprim + Sulfametoxazol,(160 + 800) mg,Tableta Ranurada,"Empaque Primario Individual, Protegido de la Luz",
00210005,24,lectura por OCR: verificar contra el escaneo,Doxiciclina (Monohidrato o Hiclato),100 mg,Cápsula o Tableta,"Empaque Primano Individual, Protegido de la Luz",
00400010,24,sin pareja segura en MINSAL/ISSS: no se publica hasta transcribirlo a mano,Fluconazol,150 mg,Cápsula O Tableta,Empaque Primario Individual,
00400040,24,lectura por OCR: verificar contra el escaneo,Nistatina,"100,000 Ul/mL",Suspensión Oral,"Frasco (5U 40) mL, con Gotero dosificador calibrado (0.5 1.0) mL, Protegido de la 1117",
00501007,24,lectura por OCR: verificar contra el escaneo,Aciclovir,400 mg,Tableta,"empaque Pnimano Individual, Protegido de la 1117",
00600015,25,nivel de uso «E» no está en la leyenda de la edición (se omite),Nitrofurantoína Macrocristales,100 mg,Cápsula,"Empaque Primaric Individual, Protegido de la Lu",
00701010,25,lectura por OCR: verificar contra el escaneo,Propranolol Clorhidrato,40 mg,Tableta,"Empaque rrimark Individual, Protegaido de la l 1",
00701025,25,nivel de uso «E» no está en la leyenda de la edición (se omite),Atenolol,100 mg,Tableta,Empaque Primaric Individual,
00701030,25,lectura por OCR: verificar contra el escaneo,Carvedilol,6.25 mg,Tableta,"empaque rrmari Individual, Protegaido de la lu",
00703010,25,lectura por OCR: verificar contra el escaneo,Hidralazina Clorhidrato,20 mg,POIVO liofilizado par: solución inyectable o solución invectable V,Frasco vial o Ampolla,
00704005,26,lectura por OCR: verificar contra el escaneo,Amlodipina,5 mg,Tableta,"Empaque Primario Individual,",
00704035,26,lectura por OCR: verificar contra el escaneo,Verapamilo Clorhidrato,240 mg,JaDbieta recubierta de liberación vrolonaada,Empaque primario individual protegido de la luz,
00705015,26,lectura por OCR: verificar contra el escaneo,Enalapril Maleato,20 mg,Tableta Ranurada,Empaque Primario Individual.,
00706010,26,lectura por OCR: verificar contra el escaneo,Irbesartán,150 mg,Tableta Oral,Empaque primario individual,
00706009,26,sin pareja segura en MINSAL/ISSS: no se publica hasta transcribirlo a mano,Irbesartán,300 mg,Tableta Oral,Empaque primario individual,
00707010,26,mismo código SINAB que MINSAL pero distinto nombre o concentración (¿error de OCR o de código?); sin pareja segura en MINSAL/ISSS: no se publica hasta transcribirlo a mano,Nitroglicerina,(18 25) mog/Parche,"Parcne Transdérmico, Liberación de 5 mg en 24 horas","Empaque primario individual, protegido de la luz",
00709025,26,lectura por OCR: verificar contra el escaneo,Dopamina Clorhidrato,40 mg/mL,Solución invectable IV,Frasco vial 5 mL,
00711010,27,nivel de uso «E» no está en la leyenda de la edición (se omite); mismo código SINAB que MINSAL pero distinto nombre o concentración (¿error de OCR o de código?); sin pareja segura en MINSAL/ISSS: no se publica hasta transcribirlo a mano,Epinefrina,1 mg/mL (1:100C,Solución Inyectable 1.M TN: =>,"Ampolla 1mL, Protegido de la Lu",
00800025,27,nivel de uso «E» no está en la leyenda de la edición (se omite),Furosemida,40 mg,Tableta Ranurada,"Empaque Prmariu Individual, Protegido de la Lu",
00800035,27,lectura por OCR: verificar contra el escaneo,Hidroclorotiazid,25 mg,Tableta Ranurada,Empaque Primari Individual,
00900005,27,sin pareja segura en MINSAL/ISSS: no se publica hasta transcribirlo a mano,AÁCIOO Acetilsalicilico,(80 100) mg,Tableta,empaque Primand Individual,
00906005,27,lectura por OCR: verificar contra el escaneo,Fitomenadiona (Vitamina K1),10 mg/mL,Solución Inyectable 1.M S 1 e EY,"Ampolla 1 mL, Protegido de la Lu",
01001010,27,lectura por OCR: verificar contra el escaneo,Diclofenaco Sódico,25 mg/mL,Solución Inyectable IM,Ampolla 3 mL,
01001015,28,lectura por OCR: verificar contra el escaneo,Ibuprofeno,100 mg/ 5 mL,Suspensión Oral,"Frasco (1UU 14U) mL, con Dosificador Graduado Tipo Jeringa o Piveta",
01001020,28,lectura por OCR: verificar contra el escaneo,Ibuprofeno,400 mg,Labieta O Tableta recubierta,Empaque Primario Individual,
01200005,28,mismo código SINAB que MINSAL pero distinto nombre o concentración (¿error de OCR o de código?); sin pareja segura en MINSAL/ISSS: no se publica hasta transcribirlo a mano,Acetaminofén,(120 160) mg/ 5 mL,Solución oral o jarabe,"Frasco 140 mL, con dosificador Graduado Tipo Jeringa o Pipeta, Protegido de la 1117",
01200010,28,lectura por OCR: verificar contra el escaneo,Acetaminofén,500 mg,Tableta,Empaque Primario Individual,
01300040,28,lectura por OCR: verificar contra el escaneo,Tramadol Clorhidrato,50 mg/mL,Solución inyectable 1.M. NE,Ampolla 2 mL.,
01500025,28,lectura por OCR: verificar contra el escaneo,Lidocaina Clorhidrato,2%,Solución Inyectable 1.V,Frasco Vial 50 mL,
01500038,29,nivel de uso «E» no está en la leyenda de la edición (se omite),Lidocaína Clorhidrato + Epinefrina,"2 % (1:50,000- 1:100,000)",Solución Inyectable,"Cartucho de 1.8 mL, protegido de luz",
01500045,29,lectura por OCR: verificar contra el escaneo,Mepivacaina Clorhidrato sin Epvinefrina,ar,Solución Inyectable str wasoconstricta,Cartucho de 18 m,
01600005,29,lectura por OCR: verificar contra el escaneo,Metocarbamol,500 mg,Tableta,Empaque primario individual,
01600010,29,lectura por OCR: verificar contra el escaneo,Orfenadrina Citrato,30 mg/ mL,Solución Inyectable 1.M. INR,"Ampolla 2 mL, Protegido de la Luz",
01601005,29,sin pareja segura en MINSAL/ISSS: no se publica hasta transcribirlo a mano,Atracurio Besilato,10 mg/mL,Solución ' invectable IV,"Ampolla 2.5 mL, protegida de la luz.",
01700005,29,lectura por OCR: verificar contra el escaneo,Atropina Sulfato,0.5 mg/mL,Solución inyectable 1.M. NA,Ampolla 1 mL,
01700015,29,lectura por OCR: verificar contra el escaneo,Hioscina N-Butil Bromuro,10 mg,Tableta Recubierta,"Empaque primano individual, Protegido de la hz",
01903005,30,lectura por OCR: verificar contra el escaneo,Salbutamol (Sulfato),100 mcg/Dosis,Aerosol,"Frasco Innalador Dosificado Libre de Clorofluorocarbono (C.F.C), 200 250 Inhalaciones",
01903010,30,lectura por OCR: verificar contra el escaneo,Salbutamol (Sulfato),0.5%,Solución Para Nebulización,"Frasco Gotero O Dosificador 20 mL, Protegido de la l117",
01904005,30,lectura por OCR: verificar contra el escaneo,Beclometasona Dipropionato,50 mcg/aplicación,Aerosol,"Frasco innalagqor 200 250 inhalaciones, libre de clorofluorocarbono (MEC",
02000005,30,lectura por OCR: verificar contra el escaneo,Clorfeniramina Maleato,2 mg/ 5 mL,Jarabe,"Frasco 120 mL, con Dosificador Graduado Tipo Jeringa o Pipeta, Protegido de la 1117",
02000010,30,lectura por OCR: verificar contra el escaneo,Clorfeniramina Maleato,4 mg,Tableta Ranurada,Empaque Primario Individual,
02000035,31,nivel de uso «E» no está en la leyenda de la edición (se omite),Loratadina,5 mg/5 mL,Solución Oral O Jarabe Oral,"Frasco 1¿U mL, co Dosificador Graduado Tipo Jeringa o Pipeta, Protegido de la 111",
02000045,31,lectura por OCR: verificar contra el escaneo,Loratadina,10 mg,Tableta,Empaque Primaric Individual,
02101005,31,lectura por OCR: verificar contra el escaneo,Dimenhidrinato,50 mg,Tableta Ranurada,Empaque Primari Individual,
02101010,31,nivel de uso «E» no está en la leyenda de la edición (se omite),Dimenhidrinato,50 mg /mL,Solución Inyectable 1.M WE,Frasco Vial 5 ml,
02101025,31,nivel de uso «E» no está en la leyenda de la edición (se omite),Metoclopramide (Clorhidrato),5 mg/mL,Solución inyectable 1.M IN,"Ampolla 2 mL, protegida de la lu:",
02109010,32,sin pareja segura en MINSAL/ISSS: no se publica hasta transcribirlo a mano,Sales de Rehidratación Oral,"KCl 1.5 g/L, NaCl 2.6 g/ L, Citrato Trisódico Dihidratado 2.9 g/L, Glucosa Arhidra 135 aq",Polvo Para Solución Oral,Sobre 20.5 g,
02201030,32,lectura por OCR: verificar contra el escaneo,Haloperidol,5 mg/mL,Solución inyectable 1.M. AA,"Ampolla 1 mL, protegida de la luz.",
02205005,32,lectura por OCR: verificar contra el escaneo,Amitriptilina Clorhidrato,25 mg,Tableta Recubierta,Empaque Primario Individual,
02206015,32,lectura por OCR: verificar contra el escaneo,Fluoxetina,20 mg,Tableta Recubierta O Capbsula Oral,Empaque Primario Individual,
02209025,32,lectura por OCR: verificar contra el escaneo,Carbamazepina,200 mg,Tableta Ranurada,Empaque Primario Individual,
02209035,32,lectura por OCR: verificar contra el escaneo,Fenitoiína Sódica,100 mg,Cápsula de Liberación Prolongada,"Empaque Primario Individual o Frasco, Protegido de la Luz",
02210005,33,nivel de uso «E» no está en la leyenda de la edición (se omite),Ergotamina Tartrato + Cafeina,(1 + 100) mg,Tableta o Cápsula,empaque Prmarc Individual o Frascc Protegdido de la l11,
02301005,33,nivel de uso «E» no está en la leyenda de la edición (se omite); sin pareja segura en MINSAL/ISSS: no se publica hasta transcribirlo a mano,Glibenclamida,5 mg,Tableta,Empaque Primaric Individual,
02301010,33,lectura por OCR: verificar contra el escaneo,insulina Humana Cristalina ADN Recombinante,100 U.I/mL,Solución inyectable LV. o E,"Frasco vial 10 mL, protegido de la luz.",
02301030,33,lectura por OCR: verificar contra el escaneo,Metformina Clorhidrato,850 mg,Tableta Ranurada,"empaque Primarno Individual o Frasco, Proteaido de la 1117",
02304035,33,lectura por OCR: verificar contra el escaneo,Prednisona,5 mg,Tableta Ranurada,Empaque Primario Individual,
02304020,33,lectura por OCR: verificar contra el escaneo,Hidrocortisona (Succinato Sódico),500 mg,"POIVO Para solución inyectable 1.M. 1V,, estabilidad 72 horas después de reconstitiido",Frasco vial.,
002501008,34,código SINAB ilegible por OCR,Atorvastatina,40 mg,Tableta Oral,"Empaque Primano Individual o Frasco, Protegcido de la l 117",
02701015,34,lectura por OCR: verificar contra el escaneo,Tiamina Clorhidrato,100 mg,Tableta Oral,"empaque primano individual, vrotegido de la huz",
02701020,34,lectura por OCR: verificar contra el escaneo,Tiamina Clorhidrato,100 mg/mL,Solución Inyectable 1.M. de EAN,"Frasco Vial 10 mL, Protegido de la Luz",
02701025,34,lectura por OCR: verificar contra el escaneo,Vitamina A (Palmitato),"50,000 UI",Cápsula o Perla de Gelatina Blanda,"Empaque Primario Individual o Frasco, Protegido de la Luz",
02703010,34,lectura por OCR: verificar contra el escaneo,Zinc (Sulfato),10 mg /5 mL,Jarabe,"Frasco 120 mL, con Dosificador Graduado Tipo Jeringa o Pipeta, Protegido de la 1117",
02705005,34,lectura por OCR: verificar contra el escaneo,Ácido Fólico,5 mg,Tableta Ranurada,Empaque Primario Individual,
02705010,35,lectura por OCR: verificar contra el escaneo,Cianocobalamin,"1,000 meg/mL",Solución Inyectable IM,"Frasco Vial 10 mL, Protegido de la Lu:",
02705015,35,nivel de uso «E» no está en la leyenda de la edición (se omite),Hierro Sulfato,125 mg/mL,Solución Oral,"Frasco 0U mL, cor gotero dosificador calibrado (0.5 1) mL, tipo jeringa o pipeta, Protegido de la l117",
02705025,35,sin pareja segura en MINSAL/ISSS: no se publica hasta transcribirlo a mano,Hierro Sulfato + Ácido Fólico,300 mg,Llableta O Tableta recubierta,Empaque Primario Individual.,
02800010,35,mismo código SINAB que MINSAL pero distinto nombre o concentración (¿error de OCR o de código?); sin pareja segura en MINSAL/ISSS: no se publica hasta transcribirlo a mano,Agua Estéril Para Invección,! NE $ *e.1 A,No especificada,Ampolla 10 mL,
02800025,35,lectura por OCR: verificar contra el escaneo,Calcio Gluconato,10%,Solución inyectable IV,Ampolla 10 mL.,
02800035,35,mismo código SINAB que MINSAL pero distinto nombre o concentración (¿error de OCR o de código?); sin pareja segura en MINSAL/ISSS: no se publica hasta transcribirlo a mano,Dextrosa en Agua Estéril para Inverción,5%,Solución Inyectable 1.V,Bolsa O Frasco Plástico Flexible 250 mL,
02800045,35,mismo código SINAB que MINSAL pero distinto nombre o concentración (¿error de OCR o de código?); sin pareja segura en MINSAL/ISSS: no se publica hasta transcribirlo a mano,Dextrosa en Agua Estéril para Invercián,50 %,Solución Inyectable 1.V,DOISa O rrasco Plástico Flexible 1000 mil,
02800055,35,mismo código SINAB que MINSAL pero distinto nombre o concentración (¿error de OCR o de código?); sin pareja segura en MINSAL/ISSS: no se publica hasta transcribirlo a mano,Dextrosa en Agua Estéril para Invección,5%,Solución Inyectable 1.V,Bolsa o Frasco 50 mL,
02800080,36,lectura por OCR: verificar contra el escaneo,Magnesio Sulfato,50%,SOLUCIÓN inyectable 1.M IV,Ampolla 10 mL,
02800105,36,mismo código SINAB que MINSAL pero distinto nombre o concentración (¿error de OCR o de código?); sin pareja segura en MINSAL/ISSS: no se publica hasta transcribirlo a mano,odio Cloruro en Agua Estéril para Invección,09%,Solución Inyectable 1.V,bBOISa O Frasco Plástico Flexible 250 ml,
02800115,36,mismo código SINAB que MINSAL pero distinto nombre o concentración (¿error de OCR o de código?); sin pareja segura en MINSAL/ISSS: no se publica hasta transcribirlo a mano,Sodio Cloruro en Agua Estéril para Invección,0.9%,Solución Inyectable 1.V,Frasco o Bolsa 1000 mL,
02800135,36,mismo código SINAB que MINSAL pero distinto nombre o concentración (¿error de OCR o de código?); sin pareja segura en MINSAL/ISSS: no se publica hasta transcribirlo a mano,"solución Electrolítica en Agua estéril para inyección con Na, K, Ca y Lactato, (Hartmann o Ringer)",Sin concentración,Solución Inyectable 1V,Bolsa o Frasco Plástico Flexible 1000 mL,
03100035,36,lectura por OCR: verificar contra el escaneo,Cloranfenicol,0.5%,Solución Oftálmica,"Frasco Gotero (o 10) mL, Protegido delal117",
03100040,36,lectura por OCR: verificar contra el escaneo,Cloranfenicol,1%,Ungúento Oftálmico,Tubo 3 5g,
03100075,36,mismo código SINAB que MINSAL pero distinto nombre o concentración (¿error de OCR o de código?); sin pareja segura en MINSAL/ISSS: no se publica hasta transcribirlo a mano,Lagrimas Artificiales,(polivaonaV. % + electrolitos) o derivados de la celulosa (0.3%- 0.5%) con o sin dextran 70 (0.1%- 09%),Solución Oftálmica,Frasco Gotero (10- 15) mL,
03200020,37,nivel de uso «E» no está en la leyenda de la edición (se omite); código corregido por OCR: 03200021 → 03200020,Betametasona (Valerato),0.1%,Crema,Tubo 25 30 g,
03200025,37,lectura por OCR: verificar contra el escaneo,Calcio Acetato Aluminio Sulfate,(36.4 + 51.8) %,Polvo Para Solución,Sobre (2.2 2.5) «,
03200031,37,nivel de uso «E» no está en la leyenda de la edición (se omite); mismo código SINAB que MINSAL pero distinto nombre o concentración (¿error de OCR o de código?); sin pareja segura en MINSAL/ISSS: no se publica hasta transcribirlo a mano,Clotrimazol,2%,Crema Top,Tubo (20 40)g,
03200032,37,sin pareja segura en MINSAL/ISSS: no se publica hasta transcribirlo a mano,Hidrocortisona Acetato,Sin concentración,Crema,Tubo 25-409,
03200055,37,nivel de uso «E» no está en la leyenda de la edición (se omite); mismo código SINAB que MINSAL pero distinto nombre o concentración (¿error de OCR o de código?); sin pareja segura en MINSAL/ISSS: no se publica hasta transcribirlo a mano,Neomicna (Sulfato) + Racitracina (7inc,5mg (5000 UI) 5mg(250 U.I),Unguento Toy,Tubo (15 25)g,
03200065,37,lectura por OCR: verificar contra el escaneo,Permetrina,sa,Loción o Crema,Frasco 6U mL O tubo 60 y Protegido delal1,
03200082,37,sin pareja segura en MINSAL/ISSS: no se publica hasta transcribirlo a mano,Sulfadiazina de Plata,1%,Crema,"Tubo 30 60 q, Protegido de la Lu",
03300015,38,sin pareja segura en MINSAL/ISSS: no se publica hasta transcribirlo a mano,Estrógenos Coniugados,(0.15 + 0.03) mg,Crema Vaginal,Tubo con 6 Aplicadores,
03300025,38,lectura por OCR: verificar contra el escaneo,Metronidazol,0.75%,Gel Vaginal,"Tubo (40 50)g, con aplicador",
