codigo,pagina,motivo,nombre,concentracion,forma,decision
8141403,91,concentración larga (mezcla/composición),Sales de Rehidratación Oral,"KCl 1.5 g/L, NaCl 3.5 g/L, Citrato Trisódico Dihidratado 2.9 g/L, Glucosa Anhidra 20g/L",Polvo para Solución Oral,
8141408,91,concentración larga (mezcla/composición),Sales de Rehidratación Oral,"KCl 1.5 g/L, NaCl 2.6 g/L, Citrato Trisódico Dihidratado 2.9 g/L, Glucosa Anhidra 13.5 g/L",Polvo para Solución Oral,
8020702,91,concentración larga (mezcla/composición),Enema Hipertónico,"Fosfato de sodio, monobásico (NaH₂PO₄) 14.4 - 17.6% + Fosfato de sodio, dibásico (Na₂HPO₄) 5.4 - 6.6%",Solución,
8020708,91,concentración larga (mezcla/composición),Macrogol,"(PM 3,350 - 4,000) + sulfato de sodio anhidro 5,600 - 5,700 g + bicarbonato de sodio 1,680 g + cloruro de sodio 1,460 g + cloruro de potasio 0.745 - 0.750 g",Polvo para Solución Oral,
8020816,93,concentración larga (mezcla/composición),Pancrelipasa,"Lipasa 6,000-25,000 U FEU, Proteasa 12,000 -120,000 U FEU, Amilasa 20,000 - 120,000 U FEU",Cápsula o Tableta,
8070208,102,concentración larga (mezcla/composición),Calcio elemental + Vitamina D3,600 mg (Eq. a 1500 mg de Carbonato de Calcio) + Vitamina D3 (Colecalciferol) 200 U.I.,Tableta,
8090518,111,nombre muy largo (descripción de composición),Multivitaminas y Minerales Prenatales. Fórmula con micronutrientes esenciales que permita suplementar los requerimientos de ingesta dietética diaria en la mujer embarazada. Preferiblemente que contenga la siguiente composición por tableta o cápsula: Vitamina A (como equivalentes de Retinol): no más de 1500 mcg (5000 U.I.); Vitamina D: No más de 15 mcg (600 U.I.); Ácido Fólico (como folato) De 0.3 a 1 mg ; Zinc (elemental) De 1 mg a 15 mg. Adicionalmente puede o no contener otros principios activos además de los anteriores como: Vitamina E (Como equivalentes de alfa-Tocoferol): No más de 18 mg (30 UI); Tiamina (Vitamina B1): No más de 5 mg; Riboflavina (Vitamina B2): No más de 5 mg; Niacina o nicotinamida (vitamina B3) no más de 30mg ; Piridoxina (Vitamina B6): No más de 10 mg; Cianocobalamina (Vitamina B12): No más de 15 mcg; Ácido Ascórbico (Vitamina C): 100 mg; Hierro (elemental): no más 60 mg; Yodo (elemental): 550 mcg; Calcio (elemental): 550 mg; flúor (Fluoruro de sodio): No más de 1.3 mg (3mg).,Sin concentración,"Cápsula, Cápsula de Gelatina Blanda, Tableta, Tableta Recubierta",
8140811,112,concentración larga (mezcla/composición),Multivitaminas Pediátricas.,"ViItamina A 2,000 UI, Vitamina D 200 UI, Vitamina E 7 UI, Vitamina K1 0.2 mg, Niacinamida 17 mg, Riboflavina 1.4 mg, Piridoxina 1 mg, Acido Pantoténico 5 mg, Tiamina 1.2 mg, Vitamina C 80 mg, Biotina 0.020 mg, Cianocobalamina 0.001 mg, Acido Fólico 0.140 mg",Polvo Liofilizado para Dilución I.V.,
8070125,112,concentración larga (mezcla/composición),Multivitaminas Adulto.,"Vitamina A 3,300 UI, Vitamina C 100-200 mg, Vitamina D 200 UI, Tiamina 3 -6 mg, Riboflavina 3.6 mg, Piridoxina 4 - 6 mg, Niacinamida 40 mg, Acido Pantoténico 15 mg, Vitamina E 10 mg ó 10 U.I., Cianocobalamina 5 mcg, Biotina 60 mcg, Acido Fólico 400 -600 mcg",Polvo Liofilizado para Dilución I.V.,
8140810,112,concentración larga (mezcla/composición),Vitamina A + C + D,"(1,500 - 2,500) UI + (30 - 60) mg + (300 - 400) UI/mL, puede contener como máximo 2 mg/mL de Zinc",Solución Oral,
8160521,114,sin forma farmacéutica,Agua Estéril para Inyección,Sin concentración,No especificada,
8160522,114,sin forma farmacéutica,Agua Estéril para Inyección,Sin concentración,No especificada,
8160534,114,sin forma farmacéutica,Agua Estéril para Inyección,Sin concentración,No especificada,
8160517,114,concentración larga (mezcla/composición),"Solución Electrolítica en Agua Estéril para Inyección con Na, K, Ca y Lactato (Hartmann o Ringer)","Contenido por cada 100 mL: Lactato de sodio 290- 330 mg, Cloruro de sodio 573-628 mg, Cloruro de potasio 27-33 mg, Cloruro de calcio 18-22 mg (Equivalente en mEq/L: sodio 130-131, cloruro 109- 111, potasio 4, calcio 2.7-3, lactato 27 -29)",Solución Inyectable I.V.,
8010606,116,sin forma farmacéutica; concentración larga (mezcla/composición),Toxoide Tetánico Adsorbido,Cada dosis de 0.5mL contiene: Toxoide Tetánico ≥ 5Lf (≥ 40 UI) adsorbidos en Fosfato de Aluminio (AlP04) ≥ 1.5mg,No especificada,
8010615,116,nombre muy largo (descripción de composición),"Vacuna Antihepatítis B, Antígeno de Superficie Adsorbido, en el Gel de Hidróxido de Aluminio, Timerosal como Preservativo",20 mcg,Suspensión Esterilizada I.M.,
8010619,116,nombre muy largo (descripción de composición),Vacuna Antineumocócica Polivalente de Polisacárido capsular purificado de los 23 serotipos de Streptococcus pneumoniae representados en la Vacuna (23 Valente),Sin concentración,"Solución Inyectable I.M., - S.C.",
8010626,116,nombre muy largo (descripción de composición),"Vacuna Antipoliomielítica inactivada (VPI) conteniendo poliovirus de tipo 1 (MAHONEY), tipo 2 (MEF-1) y tipo 3 (SAUKETT)",Sin concentración,"Suspensión Inyectable I.M., - S.C.",
8010642,116,concentración larga (mezcla/composición),Vacuna Antipoliomielítica Oral Bivalente (OPVb); Suspensión de Virus Vivos Atenuados,"Cada dosis de 0.1 mL contiene no menos de: virus vivo atenuado (Cepa Sabin) de la poliomielitis tipo 1, 10^6.0 DICC50 y polio virus vivo atenuado tipo 3, 10^5.8 DICC50",Suspensión Oral,
8010629,117,concentración larga (mezcla/composición),Vacuna Antirotavirus Vivos Atenuados Humanos Monovalentes,Cada dosis de 1.5 mL contiene: Cepa RIX4414 No menos de 1 X 10E(6) DICC 50,Suspensión Oral,
8010607,117,sin forma farmacéutica,Vacuna BCG Liofilizada Derivada de la Cepa Calmette - Guerin,Cada 0.1 mL contiene entre 1 X 10E(5) y 33 X 10E(5) CFU,No especificada,
8010631,117,concentración larga (mezcla/composición),Vacuna contra la Fiebre Amarilla,Cada 0.5 mL contiene: 1000 DL 50 equivalente a PFU de virus vivos atenuados de Fiebre Amarilla.,"Polvo liofilizado para reconstituir, uso I.M., S.C.",
8010608,117,sin forma farmacéutica,"Vacuna DPT (contra Difteria, Pertusis y Tétanos)","(D 25LF, P 16 UO, T5 LF)",No especificada,
8010627,117,sin forma farmacéutica,Vacuna DT (contra Difteria y Tétanos),"(D LF2, T LF2)",No especificada,
8010618,117,concentración larga (mezcla/composición),Vacuna SPR Viva Atenuada Liofilizada de la Cepa del Sarampión,"Edmonston - Zagreb No Menos de 1000 CCID 50, Cepa de Parotiditis L- Zagreb 5000 CCID 50 y de la Cepa de la Rubeóla Wistar RA 27/3: 1000 CCID 50",Polvo Liofilizado para Reconstituir,
8010623,118,concentración larga (mezcla/composición),Vacuna Pentavalente,"Debe contener: Vacuna Combinada contra la Difteria, Tosferina (Célula Completa), Tétano Y Hepatitis B. + Vacuna Conjugada contra Haemophilus Influenzae Tipo B",Suspensión Inyectable + Polvo liofilizado (uso I.M.),
8010633,118,nombre muy largo (descripción de composición); concentración larga (mezcla/composición),"Vacuna Pentavalente Líquida (Vacuna Combinada contra Difteria,Tosferina, Tétano, Hepatitis B y Haemophilus Influenzae tipo B)","Cada dosis de 0.5 mL contiene: Toxoide Diftérico: >= 30 UI (no menos de 7.5 Lf); Toxoide Tetánico: >= 60 UI ( no menos de 3,25 Lf); B. Pertussis inactivado: >= 4 UI (no menos de 15 UO); Hib Oligosacárido: 10 ug, conjugado aproximado 25 ug de CRM 197; Ag de superficie de Hepatitis B:10 ug; Fosfato de aluminio: 0.3 mg Al3",Suspensión para Inyección I.M.,
8010624,118,sin forma farmacéutica,"Vacuna TD (Toxoides de Difteria y Tétanos, adsorvida tipo Adulto)","(T LF10, D LF5)",No especificada,
8010625,118,concentración larga (mezcla/composición),Vacuna Trivalente Inactivada de Virus de la Influenza Fraccionados,"Cepas recomendadas por la OMS según temporada Hemisferio norte, tipo A y B 0.5 mL / Dosis",Suspensión Inyectable,
8010639,118,concentración larga (mezcla/composición),Vacuna Conjugada Neumocóccica 13 valente,"Serotipo 1, 3, 4, 5, 6A, 7F, 9V, 14, 18C, 19 A, 19f, 23F: 2.2 mcg, 6B:4.4 mcg, CRM 197 y fosfato de aluminio equivalente a 0.125 mg de aluminio",Suspensión Inyectable,
8010638,118,concentración larga (mezcla/composición),Vacuna contra Sarampión Rubeola,"Cada 0.5 mL contiene: virus Sarampión Edmoston- Zagred 1000 CCID 50, virus Rubeola WISTAR RA 27/3 1000 CCID 50",Polvo Liofilizado. I.M.,
8010641,119,concentración larga (mezcla/composición),"Vacuna Tetravalente Tecombinante contra Virus del Papiloma Humano (Tipos 6, 11, 16, 18)","1 dosis (0.5 mL) contiene aproximadamente: Proteína L1 VPH Tipo 6, 20 mcg; Proteína L1 VPH Tipo 11, 40 mcg; Proteína L1 VPH Tipo 16, 40 mcg; Proteína L1 VPH Tipo 18, 20 mcg. Adsorbida en hidroxifosfato sulfato de aluminio amorfo como adyuvante (0,225 miligramos de Al)",Suspensión Inyectable I.M.,
8010654,119,concentración larga (mezcla/composición),Vacuna de Virus Vivos contra la Varicela (Virus Atenuados),"Cada dosis de 0,5 mL de la vacuna reconstituida contiene: mayor o igual a 1.350 UFP (Unidades Formadoras de Placas) del virus de la varicela (cepa Oka/Merck). Los excipientes del polvo son: sacarosa, gelatina hidrolizada, urea,cloruro de sodio, l- glutamato monosódico, fosfato de disodio anhidro, fosfato dihidrógeno de potasio, cloruro de potasio y puede contener una cantidad residual de neomicina. Disolvente: agua para preparación de inyectables",Polvo para Suspensión Inyectable S.C.,
8010655,119,concentración larga (mezcla/composición),"Vacuna Antihepatitis A, Inactivada","Adsorbida una dosis (0.5 ml) contiene 25 unidades (U) del Antígeno del Virus de Hepatitis A de la Cepa CR326F, Suspensión inyectable, Parenteral I.M., preferiblemente en el musculo deltoides, Frasco vial. Excipientes: 0.225 mg de aluminio como sulfato hidroxifosfato de aluminio amorfo, 35 mcg de borato sodico como estabilizador de pH y cloruro de sodio al 0.9%. Puede contener trazas de neomicina y formaldehido que se utilizan en el proceso de fabricación.","Suspensión Inyectable, Parenteral I.M.",
8010656,120,nombre muy largo (descripción de composición); concentración larga (mezcla/composición),"Vacuna Hexavalente (Vacuna Combinada contra Difteria, Tétano, Tosferina, Hepatitis B, Poliomielitis, Haemophilus Influenzae tipo B).","Cada dosis de 0,5 mL contiene: Toxoide Difterico = 30UI, Toxoide Tetanico = 40UI, Antigenos de Bordetella pertussis: Toxoide pertusico(TP) 25 mcg, Hemaglutinina filamentosa (HAF) 25 mcg, Pertactina (PRN) 8 mcg, Antígeno de superficie del virus hepatitis B (HBs) 10 mcg, Virus de polio (inactivados) (VPI): tipo 1 (cepa Mahoney): 40 Unidades de antígeno D, tipo 2 (cepa MEF-1): 8 Unidades de antígeno D, tipo 3 (cepa Saukett): 32 Unidades de antígeno D. Polisacárido de HIB 10 mcg conjugado con toxoide tetánico como proteína transportadora aprox. 25 mcg adsorbido en hidróxido de aluminio hidratado 0.5 mg producido en células de levadura (Saccharomyces cerevisiae) por tecnologia de ADN recombinante adsorbido en fosfato de aluminio 0.32 mg propagado en células VERO. La vacuna puede poseer trazas de formaldehido, neomicina y polimixina que se utilizan durante el proceso de fabricación.",Polvo y Suspensión para Suspensión Inyectable. I.M.,
8120037,125,concentración larga (mezcla/composición),Calamina Mentolada,"Calamina 8 g, Óxido Zinc 8 g, Magma de Bentonita 25 g, Glicerina 2 mL, Solución Tópica de Hidróxido de Calcio, con Mentol csp 100 mL",Suspensión,
8120058,126,concentración larga (mezcla/composición),Crema fria,"Aceite Mineral: 50-56 g; también debe contener uno o más de los siguientes ingredientes: Cera de Esteres Cetílicos: 12.5 g, Cera de Abejas 12- 16.7 g, Cera Blanca 12 g; Excipientes c.s.p. 100 g",Crema,
8070507,130,concentración larga (mezcla/composición),"Fórmula Polimérica Adulto, con Distribución Completa Normal de Nutrientes","Contenido por cada 100 gramos de polvo: Carbohidratos (52-65) g, Proteínas de alto valor biológico (13- 21) g, Lípidos (11-18) g. Libre de lactosa y gluten",Polvo,
8250012,130,concentración larga (mezcla/composición),Fórmula Semielemental Infantil (Proteína Extensamente Hidrolizada),"Contiene en gramos por 100 g polvo: Carbohidratos (51.0 a 53.0) g, Proteínas (13.0 a 15.0) g, Grasas (25.0-29.0) g.",Polvo para Dilución,
8070503,130,concentración larga (mezcla/composición),Fórmula Elemental (Nutrientes Hidrolizados),"Aporte calórico: Proteinas 15 -25%, Carbohidratos 60 - 85%, Grasas 2.5 - 15%",Polvo Para Dilución,
8141508,130,concentración larga (mezcla/composición),Fórmula para Prematuro,"Calorías/onza: 23- 26.Contenido por cada 100 gramos de polvo: Carbohidratos (46-54) g, Proteínas (12-17) g, Grasas (22-29) g.",Polvo para Dilución,
8141509,131,concentración larga (mezcla/composición),Fórmula Enteral Libre de Aminoácidos de Cadena Ramificada Neonatos,"Contenido por cada 100 gramos: Carbohidratos (50- 55 g), Proteínas (13-17 g), Grasas (20-27 g), Vitaminas y minerales; no debe contener saborizantes. No contiene leucina, isoleucina y valina",Polvo para Dilución,
8141510,131,concentración larga (mezcla/composición),Fórmula Enteral Libre de Aminoácidos de Cadena Ramificada Infantil,"Contenido por cada 100 gramos: Carbohidratos (35- 57g), Proteínas (23-31 g), Grasas (8 - 15 g). Vitaminas y minerales; no debe contener saborizantes; no contiene leucina, isoleucina y valina",Polvo para Dilución,
8141511,131,concentración larga (mezcla/composición),Fórmula Enteral Libre de Fenilalanina Neonatos,"Contiene: Carbohidratos (40 - 45)%, Proteínas (11 - 14)% , Grasas (44 - 48)%, Vitaminas y minerales",Polvo para Dilución,
8141512,131,concentración larga (mezcla/composición),Fórmula Enteral Libre de Fenilalanina Infantil,"Contiene: Carbohidratos (57 - 67 )%, Proteínas (21 - 33)%, Grasas (18 - 20)%, Vitaminas y minerales",Polvo para Dilución,
8070508,131,concentración larga (mezcla/composición),Fórmula para Paciente Renal Especializada Alta en Proteínas y Baja en Potasio y Fósforo,"Contiene en gramos por 100 mL: Proteínas de 7-9 g, Carbohidratos de 15-24 g y Lípidos 7-10 g.",Liquido Oral,
8070528,132,concentración larga (mezcla/composición),Fórmula para Pacientes con Intolerancia a los Carbohidratos o Diabético,"Contenido por cada 100 gramos de polvo: Carbohidratos (37-48) g, Proteínas (15.0-22.0) g, Grasas (11.0-18.0) g. Libre de Lactosa y Gluten, con Fibra",Polvo Oral,
8070529,132,nombre muy largo (descripción de composición); concentración larga (mezcla/composición),"Formula Polimérica Hipercalórica, Baja en Proteínas, Fosforo y Potasio para Paciente con Insuficiencia Renal Pre Diálisis","Contiene en gramos por 100 mL: Proteínas de 4-5 g, Carbohidratos de 15-24 g y Lípidos 7-11 g; Con densidad calórica de 1.8 – 2 kcal/ml",Solución Oral,
8070539,132,nombre muy largo (descripción de composición); concentración larga (mezcla/composición),"Módulo de Proteína Liquida a base de Colágeno Hidrolizado, Libre de Carbohidratos, Lactosa, Gluten y bajo en Residuos","Contiene en gramos por 30 mL: Proteínas de 15-20 g, densidad calórica de 2 – 2.5 kcal/mL",Solución Oral,
8141507,133,concentración larga (mezcla/composición),"Fórmula Polimérica Infantil Normoproteica, Isocalórica, Libre de Lactosa","Contenido por cada 100 gramos de polvo: Carbohidratos (61-71 g), Proteínas (13 -17 g), Grasas (18-23 g)",Polvo para Dilución,
8070509,133,concentración larga (mezcla/composición),Fórmula Polimérica para Pacientes con Disfunción Hepática,"Cada 100 g. contienen: Proteinas 15-20 g, Carbohidratos 57 -72g, Grasas 12-16 g, sin Lactosa",Polvo Para Dilución,
8141503,134,concentración larga (mezcla/composición),Sucedáneo de Leche Materna,"Contenido por cada 100 gramos de polvo: Carbohidratos (47-70 g), Proteínas (9-13 g), Grasas (24-30 g). No debe contener saborizantes",Polvo,
8070504,134,concentración larga (mezcla/composición),Oligoelementos,"Que incluya al menos Zinc, Cobre, Manganeso. Contenido por 10 mL: Zinc Aprox. 40-100 micromol (2.6-6.5 mg); Cobre Aprox. 5-12 mmol (317-760 μg); Manganeso Aprox. 5-10 mmol (274-550 μg)",Solución Uso Parenteral,
8070517,134,concentración larga (mezcla/composición),Oligoelementos,"Que incluya al menos Zinc, Cobre, Manganeso cada ampolla de 10 mL contiene: Zinc Aprox. 40- 100 micromol (2.6-6.5 mg); Cobre Aprox. 5-12 mmol (317-760 μg); Manganeso Aprox. 5-10 mmol (274- 550 μg)",Solución Uso Parenteral,
8070506,134,concentración larga (mezcla/composición),Lípidos,20% (Triglicéridos de Cadena Media 50% y Triglicéridos de Cadena Larga 50%),Emulsión,
8070510,135,concentración larga (mezcla/composición),Solución de Aminoácidos Especiales para Falla Hepática,"8-10% con Alta proporción de Aminoácidos de Cadena Ramificada (Isoleucina, Leucina, Valina) y baja Proporción de Aminoácidos Aromáticos (Fenilanina, Triptofano) y Metionina","Solución, Uso Parenteral",
8070540,135,concentración larga (mezcla/composición),Nutrición Parenteral Hipocalórica,"Rangos de macronutrientes por bolsa: Aminoácidos 30-50 g, Lípidos 40-60 g, Glucosa 70-100 g, Osmolaridad 700- 850 mOsm/litro",Emulsión para Perfusión Endovenosa,
8200411,138,nombre muy largo (descripción de composición); concentración larga (mezcla/composición),Generador de Molibdeno- 99/Tecnecio-99m (99Mo/99mTc). Generador de columna seca para obtener 99mTc con rendimiento de Tecnecio del 100%,Pureza radioquímica igual o mayor al 98% y actividad específica no menor de 44.4 Giga Becquereles (GBq)(1.2 Ci) al momento de su recepción,Solución Inyectable,
8200427,139,nombre muy largo (descripción de composición); concentración larga (mezcla/composición),Generador de Molibdeno- 99/Tecnecio-99m (99Mo/99mTc). Generador de columna seca para obtener 99mTc con rendimiento de Tecnecio del 100%,Pureza radioquímica igual o mayor al 98% y actividad específica no menor de 27.75 Giga Becquereles (GBq)(750mCi) al momento de su recepción,Solución Inyectable,
8200404,141,concentración larga (mezcla/composición),Medio de Contraste no Iónico,Iodo 300 mg/mL (1 mL de Solución Inyectable contiene 647 mg de Iohexol equivalente a 300 mg de Iodo),Solución Inyectable,
8200405,141,concentración larga (mezcla/composición),Medio de Contraste no Iónico,370 mg/mL (1 mL de Solución Inyectable contiene 769 mg de Iopramida equivalente a 370 mg de Iodo),Solución Inyectable,
8200298,147,nombre muy largo (descripción de composición),Extracto alergénico terapéutico de proteína de veneno de avispón frente blanca (White-faced hornet venom protein),120 µg de veneno,"Solución Inyectable, S.C.",
