id,codigo_isss,nombre,concentracion,forma,instituciones,correcto_si_no,comentario
isss-8170109,8170109,Carbón Activado,Sin concentración,Granulado para Suspensión Oral,isss,,
minsal-00704020,8080704,Nimodipina,30 mg,Sólido Oral,minsal+isss,,
isss-8140102,8140102,Acetaminofén,(120 - 160) mg/ 5mL,Solución Oral o Jarabe,isss,,
isss-8200301,8200301,Extracto alergénico de proteína de veneno de avispa (Wasp venom protein),120 µg de veneno,"Solución Inyectable, S.C.",isss,,
minsal-00704040,8040104,Verapamilo Clorhidrato,2.5 mg/mL,Líquido Parenteral,minsal+isss,,
minsal-01600015,8080904,Tizanidina (Clorhidrato),4 mg,Sólido Oral,minsal+isss,,
minsal-00904005,8060306,Warfarina Sódica,5 mg,Sólido Oral,minsal+isss,,
minsal-02000045,8130014,Loratadina,10 mg,Sólido Oral,minsal+isss,,
isss-8160119,8160119,Propofol,2 % (20 mg/mL),Emulsión Inyectable I.V. Libre de Preservantes,isss,,
isss-8080305,8080305,Ácido Valproico o Valproato (Sódico),500 mg,Tableta con Cubierta Entérica,isss,,
isss-8010642,8010642,Vacuna Antipoliomielítica Oral Bivalente (OPVb); Suspensión de Virus Vivos Atenuados,"Cada dosis de 0.1 mL contiene no menos de: virus vivo atenuado (Cepa Sabin) de la poliomielitis tipo 1, 10^6.0 DICC50 y polio virus vivo atenuado tipo 3, 10^5.8 DICC50",Suspensión Oral,isss,,
isss-8200283,8200283,Extracto alergénico de Rhizopus,Sin concentración,"Solución Inyectable, S.C.",isss,,
minsal-03901002,8250063,Everolimus,0.75 mg,Sólido Oral,minsal+isss,,
minsal-02101005,8020402,Dimenhidrinato,50 mg,Sólido Oral,minsal+isss,,
isss-8141505,8141505,Harina de Semilla de Maíz y de Soya con Vitaminas y Minerales,Sin concentración,Polvo,isss,,
minsal-01002010,8010801,Sulfasalazina,500 mg,Sólido Oral,minsal+isss,,
isss-8200415,8200415,Pirofosfato de Sodio,20 mg,Polvo Liofilizado,isss,,
isss-8070318,8070318,Metformina (Clorhidrato) + Glimepirida,1000 mg + 2 mg.,Tableta Ranurada,isss,,
isss-8010205,8010205,Morfina (Sulfato o Clorhidrato),10 mg/mL,Solución Inyectable I.M. - I.V. - S.C.,isss,,
isss-8200430,8200430,18 - Fluodeoxiglucosa (FDG-18),15 mCi,Solución Inyectable I.V.,isss,,
isss-8010615,8010615,"Vacuna Antihepatítis B, Antígeno de Superficie Adsorbido, en el Gel de Hidróxido de Aluminio, Timerosal como Preservativo",20 mcg,Suspensión Esterilizada I.M.,isss,,
isss-8010638,8010638,Vacuna contra Sarampión Rubeola,"Cada 0.5 mL contiene: virus Sarampión Edmoston- Zagred 1000 CCID 50, virus Rubeola WISTAR RA 27/3 1000 CCID 50",Polvo Liofilizado. I.M.,isss,,
isss-8141202,8141202,Fórmula Protectora a base de Óxido de Zinc,"10-25 % con o sin Vitamina A, D o E","Crema, Ungüento o Pasta",isss,,
isss-8010388,8010388,Fosfomicina (Trometamol),3 g,Polvo Granulado,isss,,
isss-8080705,8080705,Milrinona,1 mg/mL,Solución Inyectable,isss,,
isss-8110024,8110024,Fexofenadina (Clorhidrato) + Fenilefrina (Clorhidrato),(60+25) mg,Tableta,isss,,
minsal-03000020,8170110,Deferoxamina Mesilato,500 mg,Sólido Parenteral,minsal+isss,,
isss-8010627,8010627,Vacuna DT (contra Difteria y Tétanos),"(D LF2, T LF2)",No especificada,isss,,
isss-8250304,8250304,Amfebutamona (Clorhidrato de Bupropion),150 mg,Tableta de Liberación Prolongada,isss,,
minsal-02201030,8080605,Haloperidol,5 mg/mL,Líquido Parenteral,minsal+isss,,
isss-8120032,8120032,Filtro Solar,Protección 30+ ó Mayor,Crema,isss,,
minsal-01001020,8010501,Ibuprofeno,400 mg,Sólido Oral,minsal+isss,,
isss-8070138,8070138,Alfacalcidol,1 mcg,Cápsula de Gelatina Blanda,isss,,
minsal-02205020,8080203,Imipramina Clorhidrato,25 mg,Sólido Oral,minsal+isss,,
minsal-00709025,8040601,Dopamina Clorhidrato,40 mg/mL,Líquido Parenteral,minsal+isss,,
isss-8070510,8070510,Solución de Aminoácidos Especiales para Falla Hepática,"8-10% con Alta proporción de Aminoácidos de Cadena Ramificada (Isoleucina, Leucina, Valina) y baja Proporción de Aminoácidos Aromáticos (Fenilanina, Triptofano) y Metionina","Solución, Uso Parenteral",isss,,
isss-8200261,8200261,Extracto alergénico de Eucalyptus,Sin concentración,"Solución Inyectable, S.C.",isss,,
minsal-02501008,8070136,Atorvastatina (Cálcica),40 mg,Sólido Oral,minsal+isss,,
isss-8010640,8010640,Globulina Antitimocitica Equina,50 mg/mL,Solución para Infusión I.V.,isss,,
minsal-00300070,8010706,Rifampicina,300 mg,Sólido Oral,minsal+isss,,
isss-8060105,8060105,Doxorubicina Clorhidrato,10 mg,Polvo para Dilución I.V.,isss,,
minsal-00707015,8040110,Nitroglicerina,5 mg/mL,Líquido Parenteral,minsal+isss,,
minsal-00202022,8140209,Cefadroxilo (Monohidrato),250 mg/5 mL,Sólido para Suspensión Oral,minsal+isss,,
isss-8200257,8200257,Extracto alergénico de Chenopodium,Sin concentración,"Solución Inyectable, S.C.",isss,,
isss-8070515,8070515,Fosfato de Potasio,Fosfato 3 mm + Potasio 4.4 mEq/mL,Solución Inyectable I.V.,isss,,
isss-8040107,8040107,Nitroglicerina,(18 - 25) mg,"Sistema de Liberación Transdérmica, 5 mg en 24 horas",isss,,
minsal-00101010,8010418,Albendazol,200 mg,Sólido Oral,minsal+isss,,
isss-8010318,8010318,Penicilina G (Benzatínica),1.2 Millones UI,Polvo Para Suspensión Inyectable I.M.,isss,,
minsal-03100120,8100017,Tobramicina,0.3%,Líquido Oftálmico,minsal+isss,,
isss-8200422,8200422,"Sal de TFA HYNIC- [D- Phe1, Tyr3- octreotida]+ EDDA (Ácido etilenodiamina- N-N’-diacético)",16 mcg - 10 mg,Polvo Liofilizado y Disolvente para Solución Inyectable I.V.,isss,,
