sinab,pagina,motivo,nombre,concentracion,forma,descripcion_oficial,decision
"00505005, 00505010",32,varios códigos para la misma ficha,Dolutegravir + Emtricitabina + Tenofovir Alafenamida,(50+200+25) mg,Sólido Oral,Dolutegravir + Emtricitabina + Tenofovir Alafenamida (50+200+25) mg Sólido Oral Frasco x 30,
"00507001, 00507002",33,varios códigos para la misma ficha,Dolutegravir+ Lamivudina+ Tenofovir,(50+300+300) mg,Sólido Oral,Dolutegravir+ Lamivudina+ Tenofovir (50+300+300) mg Sólido Oral Frasco por 30,
"01300015, 01300020",48,varios códigos para la misma ficha,Fentanil (Citrato),0.05 mg/mL,Líquido Parenteral,"Fentanil (Citrato) 0.05 mg/mL Líquido Parenteral I.M. - I.V. Ampolla 2 mL, protegido de la luz",
"01500020, 01500025",51,varios códigos para la misma ficha,Lidocaína Clorhidrato,2%,Líquido Parenteral,Lidocaína Clorhidrato 2% Líquido Parenteral I.V.-S.C. Ampolla o Frasco Vial (10-20) mL sin preservantes,
"01901004, 01901006",55,varios códigos para la misma ficha,Cafeína citrato,20 mg/mL (equivalente a 10 mg/mL de cafeína base),Líquido Parenteral,"Cafeína citrato 20 mg/mL (equivalente a 10 mg/mL de cafeína base) Líquido Parenteral y Oral Libre de Preservantes, Frasco Vial o Ampolla 3 mL",
02109012,61,concentración larga (mezcla/composición),Sales de Rehidratación KCl,"1.5 g/L, NaCl (2.6 – 3.5) g/L, Citrato Trisódico Dihidratado 2.9 g/L, Glucosa Anhidra (13.5 – 20) g/L",Sólido Oral,"Sales de Rehidratación KCl 1.5 g/L, NaCl (2.6 – 3.5) g/L, Citrato Trisódico Dihidratado 2.9 g/L, Glucosa Anhidra (13.5 – 20) g/L Sólido Oral Sobre (20.5 - 27.9) g",
"02209071, 02209075",68,varios códigos para la misma ficha,Levetiracetam,100 mg/mL,Líquido Oral,"Levetiracetam 100 mg/mL Líquido Oral Frasco de 300 mL, dosificador graduado",
02301010,70,código SINAB repetido en el PDF para fichas distintas,Insulina Humana Isofana NPH - ADN Recombinante,100 UI/mL,Suspensión Parenteral,"Insulina Humana Cristalina ADN Recombinante 100 UI/mL Líquido Parenteral I .V. - S.C. Frasco Vial 10 mL, protegido de la luz",
"02301022, 02301023",70,varios códigos para la misma ficha,Insulina Glargina,100 UI/mL,Líquido Parenteral,"Insulina Glargina 100 UI/mL Líquido Parenteral S.C. Cartucho prellenado + Dispositivo aplicador , protegido de la luz",
02701045,84,sin forma farmacéutica reconocible,Multivitaminas Adulto Vitamina A 3,Ver descripción oficial,No especificada,"Multivitaminas Adulto Vitamina A 3,300 UI, Vitamina C (100-200) mg, Vitamina D3 200 UI, Tiamina (3 - 6) mg , Riboflavina 3.6 mg , Piridoxina (4 – 6) mg, Niacinamida (Nicotinamida) 40 mg , Acido Pantoténico 15 mg, Vitamina E 10 UI, Cianocobalamina 5 mcg, Biotina 60 mcg,",
02701046,85,concentración larga (mezcla/composición); nombre muy largo,Multivitaminas Prenatales Multivitaminas Prenatales Composición mínima requerida: Vitamina A (como equivalentes de retinol),"(700-800) mcg o (2,333-2,667) UI Vitamina D3 no más de 600 UI o 15 mcg Vitamina E no más de 20 mg o 30 UI Vitamina B1 (Tiamina) no menos de 1.4 mg Vitamina B2 (Riboflavina) no menos de 1.4 mg Vitamina B3 (Niacina o Niacinamida) no más de 20 mg Vitamina B6 (Piridoxina) no menos de 1.9 mg Vitamina B12 (Cianocobalamina) no menos de 2 mcg Vitamina C (Ácido Ascórbico) (60-85) mg Ácido Fólico (Folato) (400-600) mcg Hierro (elemental) no más de 30 mg",Sólido Oral,"Multivitaminas Prenatales Multivitaminas Prenatales Composición mínima requerida: Vitamina A (como equivalentes de retinol) (700-800) mcg o (2,333-2,667) UI Vitamina D3 no más de 600 UI o 15 mcg Vitamina E no más de 20 mg o 30 UI Vitamina B1 (Tiamina) no menos de 1.4 mg Vitamina B2 (Riboflavina) no menos de 1.4 mg Vitamina B3 (Niacina o Niacinamida) no más de 20 mg Vitamina B6 (Piridoxina) no menos de 1.9 mg Vitamina B12 (Cianocobalamina) no menos de 2 mcg Vitamina C (Ácido Ascórbico) (60-85) mg Ácido Fólico (Folato) (400-600) mcg Hierro (elemental) no más de 30 mg Sólido Oral Empaque Primario Individual Sólido Oral Empaque Primario Individual o Frasco",
02701050,86,concentración larga (mezcla/composición),Multivitaminas Pediátricas Vitamina A,"(1900 - 3000) UI, Vitamina D (190-300) UI, Vitamina E (6.65- 10.50) UI, Vitamina K1 (0.19- 0.3) mg, Niacinamida (Nicotinamida) (15.30- 25.50) mg, Riboflavina (1.33- 2.10) mg, Piridoxina (0.95-1.5) mg, Ácido Pantoténico (4.75 -7. 50) mg, Tiamina (1.14- 1.80) mg, Vitamina C (72- 120) mg, Biotina (19- 30) mcg, Cianocobalamina (0.95-1.50) mcg, Ácido Fólico (133 -210) mcg",Sólido Parenteral,"Multivitaminas Pediátricas Vitamina A (1900 - 3000) UI, Vitamina D (190-300) UI, Vitamina E (6.65- 10.50) UI, Vitamina K1 (0.19- 0.3) mg, Niacinamida (Nicotinamida) (15.30- 25.50) mg, Riboflavina (1.33- 2.10) mg, Piridoxina (0.95-1.5) mg, Ácido Pantoténico (4.75 -7. 50) mg, Tiamina (1.14- 1.80) mg, Vitamina C (72- 120) mg, Biotina (19- 30) mcg, Cianocobalamina (0.95-1.50) mcg, Ácido Fólico (133 -210) mcg, Sólido Parenteral I.V. Frasco Vial con diluyente por 5 mL, protegido de la luz.",
"02800010, 02800015, 02800020",88,varios códigos para la misma ficha,Agua Estéril,Sin concentración,Líquido Parenteral,Agua Estéril Líquido Parenteral Ampolla 10 mL,
"02800030, 02800035, 02800040, 02800045",88,varios códigos para la misma ficha,Dextrosa,5%,Líquido Parenteral,Dextrosa 5% Líquido Parenteral I.V. Bolsa 50 mL-100 mL,
"02800055, 02800060",88,varios códigos para la misma ficha,Dextrosa,50%,Líquido Parenteral,Dextrosa 50% Líquido Parenteral I.V. Bolsa o Frasco 50 mL,
"02800065, 02800070",89,varios códigos para la misma ficha,Dextrosa + Sodio Cloruro,(5 + 0.9)%,Líquido Parenteral,Dextrosa + Sodio Cloruro (5 + 0.9)% Líquido Parenteral I.V. Bolsa o Frasco Plástico Flexible 250 mL,
"02800103, 02800104, 02800105, 02800106, 02800110, 02800115, 02800120",90,varios códigos para la misma ficha,Sodio Cloruro,0.9%,Líquido Parenteral,Sodio Cloruro 0.9% Líquido Parenteral I.V. Frasco Vial o Ampolla 2 mL,
"02800130, 02800135",90,sin forma farmacéutica reconocible,Solución Electrolítica con Na,Ver descripción oficial,No especificada,"Solución Electrolítica con Na, K, Ca y Lactato, (Hartmann o Ringer) Líquido Parenteral I.V. Bolsa o Frasco Plástico Flexible 250 mL",
"02800159, 02800195",91,varios códigos para la misma ficha,Solución para Diálisis Peritoneal continua ambulatoria con Dextrosa,(2.3-2.5) %,Líquido Parenteral,Solución para Diálisis Peritoneal continua ambulatoria con Dextrosa (2.3-2.5) % Líquido Parenteral I.P. Bolsa 5000 – 6000 mL,
02800205,91,vía no identificada en la forma; concentración larga (mezcla/composición),Concentrado de Ácido para Hemodiálisis Na,"(136-144) mEq/L, K 2 mEq/L, Ca (1.5-3.0) mEq/L, Mg 1 mEq/L, Cl (105-110) mEq/L",Polvo o,"Concentrado de Ácido para Hemodiálisis Na (136-144) mEq/L, K 2 mEq/L, Ca (1.5-3.0) mEq/L, Mg 1 mEq/L, Cl (105-110) mEq/L Polvo o Líquido Bolsa o Envase de 3.7854 L",
02800210,92,vía no identificada en la forma,Concentrado de Bicarbonato para Hemodiálisis,(32 – 36) mEq/L,Polvo o,Concentrado de Bicarbonato para Hemodiálisis (32 – 36) mEq/L Polvo o Líquido Bolsa o Envase de 3.7854 L (Galón),
02900051,95,concentración larga (mezcla/composición); nombre muy largo,"Concentrado de Complejo Protrombínico activado (CCPa) o Complejo Coagulante anti-inhibidor. Contiene Factores II, IX y X principalmente no activados, así como el factor VII activado. El antígeno del Factor VIII coagulante (F VIII C: Ag) está presente en la concentración máxima de","0,1 UI/1 UF. El producto está libre, o contiene sólo trazas del sistema calicreína- cinina",Sólido Parenteral,"Concentrado de Complejo Protrombínico activado (CCPa) o Complejo Coagulante anti-inhibidor. Contiene Factores II, IX y X principalmente no activados, así como el factor VII activado. El antígeno del Factor VIII coagulante (F VIII C: Ag) está presente en la concentración máxima de 0,1 UI/1 UF. El producto está libre, o contiene sólo trazas del sistema calicreína- cinina. Sólido Parenteral I.V. Frasco Vial con disolvente",
02900052,96,nombre muy largo,"Concentrado de Complejo Protrombínico Humano , contiene la combinación de Factores de coagulación dependientes de la vitamina K (Factores II, VII, IX y X). Puede contener también cantidades variables de proteína S y C con o sin heparina",(500 – 600 UI),Sólido Parenteral,"Concentrado de Complejo Protrombínico Humano , contiene la combinación de Factores de coagulación dependientes de la vitamina K (Factores II, VII, IX y X). Puede contener también cantidades variables de proteína S y C con o sin heparina (500 – 600 UI) Sólido Parenteral I.V. Frasco Vial con disolvente para Solución Inyectable",
02900053,96,vía no identificada en la forma,"Factor IX Humano,",Sin concentración,Concentrado de,"Factor IX Humano, Concentrado de Alta Pureza (500 - 600) UI Sólido Parenteral I.V. Frasco Vial con disolvente para Solución Inyectable",
"02900059, 02900062",97,varios códigos para la misma ficha,Tocilizumab,20 mg/mL,Concentrado Líquido Parenteral,Tocilizumab 20 mg/mL Concentrado Líquido Parenteral para perfusión I.V. Frasco Vial 10 mL,
02900095,98,nombre muy largo,"Vacuna Antihepatítis B, Antígeno de Superficie Adsorbido, en el gel de Hidróxido de Aluminio, Timerosal como Preservante",20 mcg,Suspensión Parenteral,"Vacuna Antihepatítis B, Antígeno de Superficie Adsorbido, en el gel de Hidróxido de Aluminio, Timerosal como Preservante 20 mcg Suspensión Parenteral I.M. Frasco Vial monodosis de (0.5 - 1) mL y multidosis de (2.5 - 10.0) mL adsorbido en una base mineral",
02900096,98,sin forma farmacéutica reconocible,Vacuna Antihepatitis B Parenteral I,Ver descripción oficial,No especificada,Vacuna Antihepatitis B Parenteral I.M. fco. 1 dosis 5ml Pediátrica,
02900101,98,sin forma farmacéutica reconocible,Vacuna poliomielítica bivalente,Ver descripción oficial,No especificada,"Vacuna poliomielítica bivalente. Cada dosis de 0.1 mL contiene no menos de Virus Poliomielítico 1 (cepa Sabin) 106 DICC50, Virus Poliomielítico 3 (cepa Sabin) 105.8DICC50, Cultivada en células primarias de riñón de mono. Excipientes: Cloruro de Magnesio 20.33 mg, Polisorbato (Tween 80) 10.0 µg, sulfato de kanamicina 15.0 µg, sulfato de neomicina 15.0 µg, agua para Inyección",
02900102,99,concentración larga (mezcla/composición); nombre muy largo,"Vacuna Inactivada del virus de la poliomelitis cultivados en células vero, purifcados y posteriormente inactivados con formaldehido, cada dosis de","0.5 mL contiene los tipos: 1 (40UD) + 2(8UD) + 3(32UD), conteniendo ademas 2- Fenoxietanol y trazas de Neomicina, Estreptomicina y/o Polimixina B",Suspensión Parenteral,"Vacuna Inactivada del virus de la poliomelitis cultivados en células vero, purifcados y posteriormente inactivados con formaldehido, cada dosis de 0.5 mL contiene los tipos: 1 (40UD) + 2(8UD) + 3(32UD), conteniendo ademas 2- Fenoxietanol y trazas de Neomicina, Estreptomicina y/o Polimixina B Suspensión Parenteral I.M. Jeringa Prellenada 0.5 mL, protegido de la luz",
02900103,99,concentración larga (mezcla/composición); nombre muy largo,"Vacuna Inactivada del virus de la poliomelitis cultivados en celulas vero, purificados y posteriormente inactivados con formaldehído dosis de","0.5 mL contiene los tipos: 1 (40UD) + 2 (8UD) + 3 (32UD), conteneindo además 2-fenoxietanol y trazas de neomicina, estreptomicina y/o polimixina B",Suspensión Parenteral,"Vacuna Inactivada del virus de la poliomelitis cultivados en celulas vero, purificados y posteriormente inactivados con formaldehído dosis de 0.5 mL contiene los tipos: 1 (40UD) + 2 (8UD) + 3 (32UD), conteneindo además 2-fenoxietanol y trazas de neomicina, estreptomicina y/o polimixina B. Suspensión Parenteral I.M. Frasco Vial de 5 dosis, protegido de la",
02900104,100,concentración larga (mezcla/composición); nombre muy largo,"Vacuna Inactivada del virus de la poliomelitis cultivados en celulas vero, purificados y posteriormente inactivados con formaldehído, cada dosis de","0.5 mL contiene los tipos: 1 (40UD) + 2 (8UD) + 3 (32UD), conteneindo además 2- Fenoxietanol y trazas de Neomicina, Estreptomicina y/o Polimixina B",Suspensión Parenteral,"Vacuna Inactivada del virus de la poliomelitis cultivados en celulas vero, purificados y posteriormente inactivados con formaldehído, cada dosis de 0.5 mL contiene los tipos: 1 (40UD) + 2 (8UD) + 3 (32UD), conteneindo además 2- Fenoxietanol y trazas de Neomicina, Estreptomicina y/o Polimixina B. Suspensión Parenteral I.M. Frasco Vial de 10 dosis, protegido de la luz",
02900109,100,nombre muy largo,"Vacuna Antirrábica para uso humano preparada en cultivos celuLares (inactivada). Virus de Rabia, cepa WINSTAR Rabies. PM/W",138 1503-3M (inactivada) ≥ 2.5 UI/0.5 mL,Sólido Parenteral,"Vacuna Antirrábica para uso humano preparada en cultivos celuLares (inactivada). Virus de Rabia, cepa WINSTAR Rabies. PM/W 138 1503-3M (inactivada) ≥ 2.5 UI/0.5 mL Sólido Parenteral I.M. Frasco Vial más Jeringa Precargada de 1 mL con disolvente para suspensión inyectable",
02900135,102,concentración larga (mezcla/composición),Vacuna SPR viva atenuada liofilizada Contiene: de la Cepa del Sarampión Edmonston - Zagreb no menos de,"1000 CCID 50, Cepa de Parotiditis L- Zagreb 5000 CCID 50 y de la Cepa de la Rubeola Wistar RA 27/3: 1000 CCID 50",Sólido Parenteral,"Vacuna SPR viva atenuada liofilizada Contiene: de la Cepa del Sarampión Edmonston - Zagreb no menos de 1000 CCID 50, Cepa de Parotiditis L- Zagreb 5000 CCID 50 y de la Cepa de la Rubeola Wistar RA 27/3: 1000 CCID 50 Sólido Parenteral S.C. Frasco Vial (1 - 10) dosis, para Suspensión con diluyente",
02900136,102,sin forma farmacéutica reconocible,Vacuna contra el Sarampión y Rubéola viva,Ver descripción oficial,No especificada,"Vacuna contra el Sarampión y Rubéola viva, atenuada, Liofilizada. Cada dosis humana se reconstituye en 0. 5 mL diluyente, conteniendo no menos de 1000 CCID50 de partículas de cada virus de sarampión (Cepas vivas del virus del Sarampión Edmonston-Zagreb) y de Rubéola (Cepas vivas del virus de Rubéola Wistar RA",
02900140,103,concentración larga (mezcla/composición),Vacuna Antineumocóccica Polivalente Polisacáridos capsulares de Streptococcus pneumoniae cada dosis de,"0.5mL contiene 25mcg de los serotipos siguientes: 1, 2, 3, 4, 5, 6B, 7F, 8, 9N, 9V, 10A, 11A, 12F, 14, 15B, 17F, 18C, 19F, 19A, 20, 22F, 23F y 33F",Líquido Parenteral,"Vacuna Antineumocóccica Polivalente Polisacáridos capsulares de Streptococcus pneumoniae cada dosis de 0.5mL contiene 25mcg de los serotipos siguientes: 1, 2, 3, 4, 5, 6B, 7F, 8, 9N, 9V, 10A, 11A, 12F, 14, 15B, 17F, 18C, 19F, 19A, 20, 22F, 23F y 33F Líquido Parenteral I.M. - S.C. Frasco Vial o Jeringa Prellenada 0.5 mL",
02900143,103,concentración larga (mezcla/composición),Vacuna antineumocóccica,"10 valente compuesta de polisacáridos capsulares de Streptococcus neumoniae y proteína D de Haemophilus influenzae No Tipificable (NTHi), adsorbido en sulfato de aluminio. Cada dosis (0.5 ml) contiene 1 microgramo de polisacárido de los serotipos 1, 5, 6B, 7F, 9V, 14, 23F y 3 microgramos de los serotipos 4, 18C y 19F",Suspensión Parenteral,"Vacuna antineumocóccica 10 valente compuesta de polisacáridos capsulares de Streptococcus neumoniae y proteína D de Haemophilus influenzae No Tipificable (NTHi), adsorbido en sulfato de aluminio. Cada dosis (0.5 ml) contiene 1 microgramo de polisacárido de los serotipos 1, 5, 6B, 7F, 9V, 14, 23F y 3 microgramos de los serotipos 4, 18C y 19F Suspensión Parenteral",
02900144,104,concentración larga (mezcla/composición),Vacuna Antineumococcica,13 valente compuesta de Polisacaridos capsulares de Streptococcus pneumoniae conjugados con proteina portadora de toxoide difterico (CRM197) y adsorbido en sulfato de aluminio. Cada dosis de 0.5 ml contiene los serotipos: 1 (2.2 mcg) + 3 (2.2 mcg) + 4 (2.2 mcg) + 5 (2.2 mcg) + 6A (2.2 mcg) + 6B (4.4 mcg) + 7F (2.2 mcg) + 9V (2.2 mcg) + 14 (2.2 mcg) + 18C (2.2 mcg) + 19A (2.2 mcg) + 19F (2.2 mcg) + 23F (2.2 mcg),Suspensión Parenteral,"Vacuna Antineumococcica 13 valente compuesta de Polisacaridos capsulares de Streptococcus pneumoniae conjugados con proteina portadora de toxoide difterico (CRM197) y adsorbido en sulfato de aluminio. Cada dosis de 0.5 ml contiene los serotipos: 1 (2.2 mcg) + 3 (2.2 mcg) + 4 (2.2 mcg) + 5 (2.2 mcg) + 6A (2.2 mcg) + 6B (4.4 mcg) + 7F (2.2 mcg) + 9V (2.2 mcg) + 14 (2.2 mcg) + 18C (2.2 mcg) + 19A (2.2 mcg) + 19F (2.2 mcg) + 23F (2.2 mcg) Suspensión Parenteral I.M. Jeringa Prellenada o Frasco Vial, 0.5 mL",
"02900145, 02900146",104,varios códigos para la misma ficha,Vacuna contra la Fiebre Amarilla,Sin concentración,Sólido Parenteral,Vacuna contra la Fiebre Amarilla Sólido Parenteral I.M. - S.C. Frasco Vial 5 dosis para Suspensión con diluyente 2.5 mL,
02900147,105,concentración larga (mezcla/composición),Vacuna Antineumocócica,20 Valente Compuesta de Polisacáridos capsulares de Streptococcus pneumoniae conjugados con proteína portadora de toxoide diftérico (CRM197) y adsorbido en fosfato de aluminio. Cada dosis de 0.5 ml contiene los serotipos: 1 (2.2mcg) + 3 (2.2mcg) + 4 (2.2mcg) + 5 (2.2mcg) + 6A (2.2mcg) + 6B (4.4mcg) + 7F (2.2mcg) + 8 (2.2mcg) + 9V (2.2mcg) + 10A (2.2mcg) + 11A (2.2mcg) + 12F (2.2mcg) + 14 (2.2mcg) + 15B (2.2mcg) + 18C (2.2mcg) + 19A (2.2mcg) + 19F (2.2mcg) + 22F (2.2mcg) + 23F (2.2mcg) + 33F (2.2mcg),Suspensión Parenteral,"Vacuna Antineumocócica 20 Valente Compuesta de Polisacáridos capsulares de Streptococcus pneumoniae conjugados con proteína portadora de toxoide diftérico (CRM197) y adsorbido en fosfato de aluminio. Cada dosis de 0.5 ml contiene los serotipos: 1 (2.2mcg) + 3 (2.2mcg) + 4 (2.2mcg) + 5 (2.2mcg) + 6A (2.2mcg) + 6B (4.4mcg) + 7F (2.2mcg) + 8 (2.2mcg) + 9V (2.2mcg) + 10A (2.2mcg) + 11A (2.2mcg) + 12F (2.2mcg) + 14 (2.2mcg) + 15B (2.2mcg) + 18C (2.2mcg) + 19A (2.2mcg) + 19F (2.2mcg) + 22F (2.2mcg) + 23F (2.2mcg) + 33F (2.2mcg) Suspensión Parenteral I.M. Jeringa Prellenada o Frasco Vial, 0.5 mL.",
02900158,106,concentración larga (mezcla/composición),Vacuna Anti-influenza Trivalente cada,"0.5 mL conteniendo los tipos A y B, Subvirión, Timerosal y un derivado de mercurio como conservador (25 mcg de mercurio)",Líquido Parenteral,"Vacuna Anti-influenza Trivalente cada 0.5 mL conteniendo los tipos A y B, Subvirión, Timerosal y un derivado de mercurio como conservador (25 mcg de mercurio) Líquido Parenteral I.M. Frasco Vial 5 mL",
02900159,106,nombre muy largo,"Vacuna Anti-Influenza Tetravalente, inactivada , indicada para la inmunización activa contra Influenza causada por los virus de la influenza subtipo A y subtipo B, contenido en la vacuna.",Sin concentración,Suspensión Parenteral,"Vacuna Anti-Influenza Tetravalente, inactivada , indicada para la inmunización activa contra Influenza causada por los virus de la influenza subtipo A y subtipo B, contenido en la vacuna. Suspensión Parenteral I.M. Frasco vial multidosis",
02900160,106,nombre muy largo,"DPT Hep B Hib Liquida: Pentavalente Contiene toxoide de Difteria y Tétano, bacteria inactivadas de Pertussis, principal antigeno de superficie del virus de la Hepatitis B y Polisacárido capsular purificado Poliribosil - ribitol fosfato del Haemophilus Influenzae tipo B",Sin concentración,Suspensión Parenteral,"DPT Hep B Hib Liquida: Pentavalente Contiene toxoide de Difteria y Tétano, bacteria inactivadas de Pertussis, principal antigeno de superficie del virus de la Hepatitis B y Polisacárido capsular purificado Poliribosil - ribitol fosfato del Haemophilus Influenzae tipo B Suspensión Parenteral I.M. Frasco Vial con Tetravalente + Frasco Vial con monovalente",
02900162,107,nombre muy largo,"Vacuna contra la Viruela y Viruela del Simio, viva no replicante. Virus vivo modificado de la viruela vacunoide Ankara - Bavarian Nordic",Sin concentración,Suspensión Parenteral,"Vacuna contra la Viruela y Viruela del Simio, viva no replicante. Virus vivo modificado de la viruela vacunoide Ankara - Bavarian Nordic Suspensión Parenteral S.C. Frasco monodosis 0.5 mL",
02900164,107,concentración larga (mezcla/composición),"Vacuna antihepatitis A, inactivada, adsorbida Una dosis","(0,5 ml) contiene: Virus de la hepatitis A (cepa CR 326F) (inactivados) 25 U",Suspensión inyectable Parenteral,"Vacuna antihepatitis A, inactivada, adsorbida Una dosis (0,5 ml) contiene: Virus de la hepatitis A (cepa CR 326F) (inactivados) 25 U Suspensión inyectable Parenteral I.M. Preferiblemente en el músculo deltoides Frasco vial",
02900166,108,sin forma farmacéutica reconocible,Vacuna antidiftérica (D),Ver descripción oficial,No especificada,"Vacuna antidiftérica (D), antitetánica (T), antipertussis (componente acelular) (Pa), antihepatitis B (ADN recombinante) (VHB) antipoliomielítica (inactivada) (VPI), antiHaemophilus influenzae tipo b (Hib) conjugada (adsorbida) Tras la reconstitución, 1 dosis (0,5 ml) contiene: Toxoide diftérico no menos de 30 Unidades Internacionales. Toxoide tetánico no menos de 40 Unidades Internacionales. Antígenos de Bordetella pertussis Toxoide pertúsico (TP) 25 microgramos Hemaglutinina filamentosa (HAF) 25 microgramos Pertactina (PRN) 8 microgramos. Antígeno de superficie del virus de la hepatitis B(HBs) 10 microgramos Virus de polio (inactivados) (VPI) tipo 1 (cepa Mahoney). 40 Unidades de antígeno D tipo 2 (cepa MEF-1) 8 Unidades de antígeno D tipo 3 (cepa Saukett) 32 Unidades de antígeno D Polisacárido de Haemophilus influenzae tipo b 10 microgramos (polirribosilribitol fosfato, PRP)",
02900167,110,vía no identificada en la forma; concentración larga (mezcla/composición); nombre muy largo,"Vacuna antidiftérica (D), antitetánica (T), antipertussis (componente acelular) (Pa), antihepatitis B (ADN recombinante) (VHB), antipoliomiélitica (inactivada) (VPI), antiHaemophilus influenzae tipo b (Hib) conjugada (adsorbida) Una dosis de la vacuna","(0.5 mL), adsorbida en hidróxido de aluminio, hidratado (0.6 mg A13+) contiene: Toxoide diftérico no menos de 20 UI Toxoide tetánico no menos de 40 UI Antígenos de Bordetella pertussis: Toxoide pertussis 25 microgramos Hemaglutinina filamentosa 25 microgramos. Poliovirus (inactivado) Tipo 1 (Mahoney) 40 unidades de antígeno D Tipo 2 (MEF-1) 8 unidades de antígeno D Tipo 3 (Saukett) 32 unidades de antígeno D Antígeno de superficie del virus de la Hepatitis B 10 microgramos Polisacárido de Haemophilus influenzae Tipo b 12 microgramos (polirribosilribitol fosfato) conjugado con proteína del tétanos 22-36 microgramos",Suspensión inyectable,"Vacuna antidiftérica (D), antitetánica (T), antipertussis (componente acelular) (Pa), antihepatitis B (ADN recombinante) (VHB), antipoliomiélitica (inactivada) (VPI), antiHaemophilus influenzae tipo b (Hib) conjugada (adsorbida) Una dosis de la vacuna (0.5 mL), adsorbida en hidróxido de aluminio, hidratado (0.6 mg A13+) contiene: Toxoide diftérico no menos de 20 UI Toxoide tetánico no menos de 40 UI Antígenos de Bordetella pertussis: Toxoide pertussis 25 microgramos Hemaglutinina filamentosa 25 microgramos. Poliovirus (inactivado) Tipo 1 (Mahoney) 40 unidades de antígeno D Tipo 2 (MEF-1) 8 unidades de antígeno D Tipo 3 (Saukett) 32 unidades de antígeno D Antígeno de superficie del virus de la Hepatitis B 10 microgramos Polisacárido de Haemophilus influenzae Tipo b 12 microgramos (polirribosilribitol fosfato) conjugado con proteína del tétanos 22-36 microgramos Suspensión inyectable",
02900185,111,sin concentración ni forma reconocible,Vacuna contra el Virus Respitatorio Sincitial (VRS) (bivalente,Ver descripción oficial,No especificada,"Vacuna contra el Virus Respitatorio Sincitial (VRS) (bivalente, recombinante Sólido Parenteral I.M. Frasco Vial con o sin Diluyente",
02900205,112,concentración larga (mezcla/composición),Vacuna Recombinante Nonavalente frente el Virus del Papiloma Humano (tipos,"6, 11, 16, 18, 31, 33, 45, 52 y 58) 1 Dosis (0.5 mL) contiene aproximadamente, Proteínas L1 en forma de partículas similares al virus producido en células Saccharomyces cerevisiae CANADE 3C-5 Cepa 1895 por tecnología ADN recombinante, del Virus del Papiloma Humano (VPH) Tipos: 6 (30 mcg), 11 (40 mcg), 16 (60 mcg), 18 (40 mcg), 31 (20 mcg), 33 (20 mcg), 45 (20 mcg), 52 (20 mcg) y 58 (20 mcg). Adsorbida en Hidroxifosfato Sulfato de Aluminio amorfo como adyuvante (0.5 mg AL)",Suspensión Parenteral,"Vacuna Recombinante Nonavalente frente el Virus del Papiloma Humano (tipos 6, 11, 16, 18, 31, 33, 45, 52 y 58) 1 Dosis (0.5 mL) contiene aproximadamente, Proteínas L1 en forma de partículas similares al virus producido en células Saccharomyces cerevisiae CANADE 3C-5 Cepa 1895 por tecnología ADN recombinante, del Virus del Papiloma Humano (VPH) Tipos: 6 (30 mcg), 11 (40 mcg), 16 (60 mcg), 18 (40 mcg), 31 (20 mcg), 33 (20 mcg), 45 (20 mcg), 52 (20 mcg) y 58 (20 mcg). Adsorbida en Hidroxifosfato Sulfato de Aluminio amorfo como adyuvante (0.5 mg AL) Suspensión Parenteral I.M. Frasco Vial o Jeringa Prellenada.",
03000042,113,concentración larga (mezcla/composición),Faboterápico polivalente antialacrán o Fragmentos F(ab),2 de Inmunoglobulina polivalente antialacrán Capacidad neutralizante de 150 DL50 (1.8) mg de veneno de alacranes americanos,Sólido Parenteral,Faboterápico polivalente antialacrán o Fragmentos F(ab) 2 de Inmunoglobulina polivalente antialacrán Capacidad neutralizante de 150 DL50 (1.8) mg de veneno de alacranes americanos Sólido Parenteral I.V. ámpula con liofilizado y ampolla con 5 ml de diluyente.,
03000043,114,concentración larga (mezcla/composición); nombre muy largo,Inmunoglobulina Polivalente Antiloxosceles Fragmentos F(ab)2 de inmunoglobulina polivalente antiloxosceles con una capacidad neutralizante de No menos de,"40 DL50 132.8 µg de rNecrotoxina de Laxosceles Boneti, No menos de 40 DL50 172.0 µg rNecrotoxina de Laxosceles Laeta, No menos de 40 DL50 132.0 µg rNecrotoxina de Laxosceles Reclusa",Sólido Parenteral,"Inmunoglobulina Polivalente Antiloxosceles Fragmentos F(ab)2 de inmunoglobulina polivalente antiloxosceles con una capacidad neutralizante de No menos de 40 DL50 132.8 µg de rNecrotoxina de Laxosceles Boneti, No menos de 40 DL50 172.0 µg rNecrotoxina de Laxosceles Laeta, No menos de 40 DL50 132.0 µg rNecrotoxina de Laxosceles Reclusa Sólido Parenteral I.V. Ámpula o Frasco Vial con diluyente",
03000045,114,concentración larga (mezcla/composición),Faboterápico Polivalente Antiofídico Capacidad de neutralizar,780 DL50 (30 mg) de veneno deshidratado de Bothrops sp. 220 DL50 (15mg) de veneno deshidratado de Crotalus sp y 200 DL50 (15mg) de veneno deshidratado de Lachesis sp,Sólido Parenteral,Faboterápico Polivalente Antiofídico Capacidad de neutralizar 780 DL50 (30 mg) de veneno deshidratado de Bothrops sp. 220 DL50 (15mg) de veneno deshidratado de Crotalus sp y 200 DL50 (15mg) de veneno deshidratado de Lachesis sp. Sólido Parenteral I.V. Frasco Vial + Ampolla 10 mL de Diluyente,
03000050,114,concentración larga (mezcla/composición),Faboterápico Polivalente Anticoral Capacidad Neutralizante de,450 DL50 (5 mg) de veneno deshidratado de Coral o Coralillo (Micrurus spp),Sólido Parenteral,Faboterápico Polivalente Anticoral Capacidad Neutralizante de 450 DL50 (5 mg) de veneno deshidratado de Coral o Coralillo (Micrurus spp). Sólido Parenteral I.V. Frasco Vial + Ampolla 5 mL de Diluyente,
03100020,115,vía no identificada en la forma,Carbacol,0.01%,Líquido Intraocular,Carbacol 0.01% Líquido Intraocular Frasco Vial 1.5 mL,
03100075,116,concentración larga (mezcla/composición),Lágrimas Artificiales (Polividona,0.5 % +electrolitos) o derivados de la celulosa (0.3 - 0.5 ) % con o sin Dextran 70 (0.1 %),Líquido Oftálmico,Lágrimas Artificiales (Polividona 0.5 % +electrolitos) o derivados de la celulosa (0.3 - 0.5 ) % con o sin Dextran 70 (0.1 %) Líquido Oftálmico Frasco Gotero (10 - 15) mL,
03100095,117,vía no identificada en la forma; nombre muy largo,"Solución Salina Balanceada Compuesta por Sodio Cloruro, Cloruro de Potasio, Cloruro de Calcio, Cloruro de Magnesio, Acetato de Sodio y Citrato de Sodio osmolaridad aproximada de",300 - 305 mosm/kg,Líquido Intraocular,"Solución Salina Balanceada Compuesta por Sodio Cloruro, Cloruro de Potasio, Cloruro de Calcio, Cloruro de Magnesio, Acetato de Sodio y Citrato de Sodio osmolaridad aproximada de 300 - 305 mosm/kg Líquido Intraocular Frasco 500 mL, Estéril para irrigación sin preservantes",
03200019,118,sin forma farmacéutica reconocible,Calcipotriol (Monohidrato) + Betametasona (Dipropionato) (50 + 500) mcg por cada,Ver descripción oficial,No especificada,Calcipotriol (Monohidrato) + Betametasona (Dipropionato) (50 + 500) mcg por cada,
03200071,120,sin concentración ni forma reconocible,Shampoo alquitranado Líquido Tópico Frasco con dispositivo dispensador,Ver descripción oficial,No especificada,Shampoo alquitranado Líquido Tópico Frasco con dispositivo dispensador,
"03200080, 03200085",121,varios códigos para la misma ficha,Sulfadiazina de Plata,1%,Semisólido Tópico,"Sulfadiazina de Plata 1% Semisólido Tópico Tarro 400 g, protegido de la luz",
03300045,124,vía no identificada en la forma,Leuprorelina Acetato o Leuprolide Acetato,3.75 mg,Sólido Inyección,Leuprorelina Acetato o Leuprolide Acetato 3.75 mg Sólido Inyección de depósito I.M. Frasco Vial con diluyente,
03400080,126,nombre muy largo,"Solución de Aminoácidos Neonatales y Pediátricos que contenga Taurina, Tirosina, Cisteína, Lisina sin presencia o con baja concentración de Electrolitos: Sodio <","6 mEq/L, Potasio < 5.4 mEq/L, Cloro < 3 mEq/L, (6 -10) %",Líquido Parenteral,"Solución de Aminoácidos Neonatales y Pediátricos que contenga Taurina, Tirosina, Cisteína, Lisina sin presencia o con baja concentración de Electrolitos: Sodio < 6 mEq/L, Potasio < 5.4 mEq/L, Cloro < 3 mEq/L, (6 -10) % Líquido Parenteral I.V. Frasco o Bolsa 500 mL, protegido de la luz",
03400081,126,concentración larga (mezcla/composición),Nutrición Parenteral Hipocalórica de,"3 cámaras Macronutrientes: Aminoácidos: 35 a 50 g Lípidos MCT/LCT o MCT/LCT y Omega 3: 40-60 g Glucosa: 70-100 g Electrolitos: Sodio, Potasio, Magnesio, Calcio. Osmolaridad 700-850 mmol/L",Emulsión para perfusión Parenteral,"Nutrición Parenteral Hipocalórica de 3 cámaras Macronutrientes: Aminoácidos: 35 a 50 g Lípidos MCT/LCT o MCT/LCT y Omega 3: 40-60 g Glucosa: 70-100 g Electrolitos: Sodio, Potasio, Magnesio, Calcio. Osmolaridad 700-850 mmol/L Emulsión para perfusión Parenteral I.V. Frasco o Bolsa 1,250 mL, protegido de la luz",
03400082,127,concentración larga (mezcla/composición),"Nutrición Parenteral (Aminoácidos, Electrolitos, Glucosa y Lípidos) de","3 Cámaras Hipocalórica (800- 1000) kcal, de baja osmolaridad (700-925) mOsm/L para uso periférico. Contienen al menos: Aminoácidos y Electrolitos: (35-60)g, electrolitos como mínimo: Sodio, Potasio, Magnesio y Calcio Glucosa anhidra (70- 125)g Lípidos: (30-75)g mezcla de Triglicéridos de Cadena Media (MCT) y Triglicéricos de Cadena Larga (LCT) tales como aceite de soja, omega 3 con o sin aceite de oliva",Emulsión para perfusión Parenteral,"Nutrición Parenteral (Aminoácidos, Electrolitos, Glucosa y Lípidos) de 3 Cámaras Hipocalórica (800- 1000) kcal, de baja osmolaridad (700-925) mOsm/L para uso periférico. Contienen al menos: Aminoácidos y Electrolitos: (35-60)g, electrolitos como mínimo: Sodio, Potasio, Magnesio y Calcio Glucosa anhidra (70- 125)g Lípidos: (30-75)g mezcla de Triglicéridos de Cadena Media (MCT) y Triglicéricos de Cadena Larga (LCT) tales como aceite de soja, omega 3 con o sin aceite de oliva. Emulsión para perfusión Parenteral I.V. Bolsa (1,200-1,800) mL de 3 Cámaras",
03800001,131,sin forma farmacéutica reconocible,Kit para tratamiento ambulatorio de COVID-19 (Ivermectina 6 mg,Ver descripción oficial,No especificada,"Kit para tratamiento ambulatorio de COVID-19 (Ivermectina 6 mg, Ácido Acetilsalicílico (80 - 100) mg, Acetaminofén (Paracetamol) 500 mg, Ácido Ascórbico 500 mg, Vitamina D (Colecalciferol) 2000 UI, Zinc (Gluconato) 50 mg) Oral",
03800002,131,sin forma farmacéutica reconocible,Kit para Egreso Hospitalario COVID-19 (Edoxaban 30 mg,Ver descripción oficial,No especificada,"Kit para Egreso Hospitalario COVID-19 (Edoxaban 30 mg, Ácido Ascórbico 500 mg, Vitamina D (Colecalciferol) 2000 UI, Zinc (Gluconato) 50 mg) Oral",
03800003,131,sin forma farmacéutica reconocible,Kit para Egreso Hospitalario COVID-19 (Edoxaban 60 mg,Ver descripción oficial,No especificada,"Kit para Egreso Hospitalario COVID-19 (Edoxaban 60 mg, Ácido Ascórbico 500 mg, Vitamina D (Colecalciferol) 2000 UI, Zinc (Gluconato) 50",
03800008,132,nombre muy largo,"Vacuna de vector combinado GAM- COVID-VAC para prevenir la infección por Coronavirus inducida por el SARS- coV-2,",Sin concentración,Líquido Parenteral,"Vacuna de vector combinado GAM- COVID-VAC para prevenir la infección por Coronavirus inducida por el SARS- coV-2, Líquido Parenteral I.M. Frasco Vial o Ampolla.",
03800009,132,vía no identificada en la forma,Vacuna contra el COVID-19 (Vero Cell) Inactivada,6.5U,Suspensión,Vacuna contra el COVID-19 (Vero Cell) Inactivada 6.5U Suspensión,
03800014,133,sin forma farmacéutica reconocible,Kit para tratamiento ambulatorio de COVID-19 (Ácido Acetilsalicílico (80 - 100) mg,Ver descripción oficial,No especificada,"Kit para tratamiento ambulatorio de COVID-19 (Ácido Acetilsalicílico (80 - 100) mg, Acetaminofén (Paracetamol) 500 mg, Ácido Ascórbico 500 mg, Vitamina D (Colecalciferol) 2000 UI, Zinc (Gluconato) 50 mg) Oral",
03800016,134,concentración larga (mezcla/composición),BNT bivalente Vacuna de ARNm dirigida contra SARS-COV2 Cada,0.3 mL (1 dosis) contiene: 15 µ de Tozinameran + 15 µ Famtozinameran encapsulado en nanoparticulas lipídicas,Dispersión Parenteral,BNT bivalente Vacuna de ARNm dirigida contra SARS-COV2 Cada 0.3 mL (1 dosis) contiene: 15 µ de Tozinameran + 15 µ Famtozinameran encapsulado en nanoparticulas lipídicas Dispersión Parenteral I.M. Frasco Vial Multidosis (6 dosis),
03800017,134,concentración larga (mezcla/composición),BNT bivalente Pediátrica Vacuna de ARNm dirigida contra SARS-COV2 Cada,0.2 mL (1 dosis) contiene: 5 µ de Tozinameran + 5 µ Famtozinameran encapsulado en nanoparticulas lipídicas,Concentrado para dispersión Parenteral,BNT bivalente Pediátrica Vacuna de ARNm dirigida contra SARS-COV2 Cada 0.2 mL (1 dosis) contiene: 5 µ de Tozinameran + 5 µ Famtozinameran encapsulado en nanoparticulas lipídicas Concentrado para dispersión Parenteral I.M. Frasco Vial Multidosis,
03800018,134,concentración larga (mezcla/composición),Vacuna del SARS-CoV-,2 (Omicron XBB.1.5) Cada 0.3 mL (1 dosis)contiene: 10 microgramos de raxtozinamerán,Dispersión Parenteral,Vacuna del SARS-CoV- 2 (Omicron XBB.1.5) Cada 0.3 mL (1 dosis)contiene: 10 microgramos de raxtozinamerán Dispersión Parenteral I.M. Frasco Vial Multidosis,
04010101,136,vía no identificada en la forma,Bicarbonato de Sodio,Sin concentración,Polvo Frasco,Bicarbonato de Sodio Polvo Frasco o Bolsa (250 - 500)g,
"04100010, 04100015, 04100020, 04100025, 04100030, 04100035",136,varios códigos para la misma ficha,Aire medicinal Comprimido Oxígeno (O2),"21%, Nitrógeno (N2) c.s",Gas Medicinal Inhalatorio,"Aire medicinal Comprimido Oxígeno (O2) 21%, Nitrógeno (N2) c.s. Gas Medicinal Inhalatorio 0.57 metros cúbicos (20 pies",
"04100040, 04100045",137,varios códigos para la misma ficha,Óxido Nitroso (N₂O),99%,Gas Medicinal Inhalatorio,"Óxido Nitroso (N₂O) 99% Gas Medicinal Inhalatorio 2.95 kg (6.5 lb), Cilindro, Carga",
"04100050, 04100055, 04100060, 04100065, 04100070, 04100075, 04100080, 04100085, 04100090, 04100095",138,varios códigos para la misma ficha,"Oxígeno (O2) Medicinal, Alta Pureza,",99.5%,Gas Medicinal Inhalatorio,"Oxígeno (O2) Medicinal, Alta Pureza, 99.5% Gas Medicinal Inhalatorio 0.40 metros cúbicos (14 pies cúbicos), Carga",
"04100105, 04100110",139,varios códigos para la misma ficha,Dióxido de Carbono (CO2),Sin concentración,Gas Medicinal Inhalatorio,"Dióxido de Carbono (CO2) Gas Medicinal Inhalatorio 2.7216 kg (6 lb), Cilindro",
"04100115, 04100120",139,concentración larga (mezcla/composición),Monóxido de Carbono + Metano + Oxígeno,"(0.3 + 0.3 + 21) %, mezcla de difusión pulmonar con balance de Nitrógeno",Gas Medicinal Inhalatorio,"Monóxido de Carbono + Metano + Oxígeno (0.3 + 0.3 + 21) %, mezcla de difusión pulmonar con balance de Nitrógeno Gas Medicinal Inhalatorio 5.7 metros cúbicos (200 pies cúbicos), Carga,",
04100125,140,vía no identificada en la forma,Hexafluoruro de Azufre (SF6),99.99%,Gas Medicinal,"Hexafluoruro de Azufre (SF6) 99.99% Gas Medicinal Inyección Intravítrea o I.V. o Intravesical 453.6 g – 907.2 g (1-2 lb), Carga",
