id,sinab,nombre,concentracion,forma,atc,nivel_prioridad,grupo,correcto_si_no,comentario
minsal-00300076,00300076,Rifapentina,150 mg,Sólido Dispersable Oral,J04AB05,Nivel 1A · Esencial,Medicamentos antituberculosos y antileprosos,,
minsal-02203015,02203015,Diazepam,5 mg/mL,Líquido Parenteral,N05BA01,Nivel 1A · Vital,Medicamentos de uso en neurología y psiquiatría,,
minsal-02304045,02304045,Prednisona,50 mg,Sólido Oral,H02AB07,Nivel 1B · Esencial,Medicamentos de uso en endocrinología,,
minsal-02900125,02900125,"Vacuna Td (Toxoides de Difteria y Tétanos, adsorbida tipo adulto) (T LF10, D LF5)",Sin concentración,Suspensión Parenteral,J07AM51,Nivel 1A · Esencial,Medicamentos biológicos y biotecnológicos,,
minsal-03300025,03300025,Metronidazol,0.75%,Gel Vaginal,G01AF01,Nivel 1A · Esencial,Medicamentos de uso en ginecología y obstetricia,,
minsal-00504013,00504013,Lopinavir + Ritonavir,(200+50) mg,Sólido Oral,J05AR10,Nivel 2A · Esencial,Medicamentos antivirales,,
minsal-03000025,03000025,Dimercaprol,50 mg/mL,Líquido Parenteral,V03AB09,Nivel 3 · Esencial,Antídotos,,
minsal-00707016,00707016,Nitroglicerina,10 mg/ 10 mL,Líquido Parenteral,C01DA02,Nivel 2A · Vital,Medicamentos cardiovasculares,,
minsal-02102017,02102017,Ondansetrón (Clorhidrato),2 mg/mL,Líquido Parenteral,A04AA01,Nivel 3 · Vital,Medicamentos de uso gastrointestinal,,
minsal-03200065,03200065,Permetrina,5%,Líquido ó Semisólido Tópico,P03AC04,Nivel 1A · Esencial,Medicamentos dermatológicos,,
minsal-00208010,00208010,Ciprofloxacina (Lactato),2 mg/mL,Líquido Parenteral,J01MA02,Nivel 2A · Esencial,Medicamentos antimicrobianos,,
minsal-02207005,02207005,Litio Carbonato,300 mg,Sólido Oral,N05AN01,Nivel 2B · Esencial,Medicamentos de uso en neurología y psiquiatría,,
minsal-00705015,00705015,Enalapril Maleato,20 mg,Sólido Oral,C09AA02,Nivel 1A · Esencial,Medicamentos cardiovasculares,,
minsal-04002055,04002055,Ácido Acético,5%,Líquido Tópico,,Nivel 1A · Esencial,Preparados magistrales,,
minsal-02202016,02202016,Quetiapina (Fumarato),200 mg,Sólido Oral,N05A,Nivel 2A · Esencial,Medicamentos de uso en neurología y psiquiatría,,
minsal-00503025,00503025,Etravirina,100 mg,Sólido Oral,J05AG04,Nivel 2A · Esencial,Medicamentos antivirales,,
minsal-02304050,02304050,"Tríamcinolona, Acetónido",10 mg/mL,Suspensión Parenteral,H02AB08,Nivel 2B · Esencial,Medicamentos de uso en endocrinología,,
minsal-02400018,02400018,Etonogestrel,68 mg,Implante Subdérmico,G03AC08,Nivel 1B · Esencial,"Medicamentos estrógenos, progestágenos y anovulatorios",,
minsal-02201040,02201040,Levosulpiride,25 mg,Sólido Oral,N05AL07,Nivel 1A · Esencial,Medicamentos de uso en neurología y psiquiatría,,
minsal-02101005,02101005,Dimenhidrinato,50 mg,Sólido Oral,R06AA02,Nivel 1A · Esencial,Medicamentos de uso gastrointestinal,,
minsal-02602020,02602020,Fluorouracilo,(5- Fluorouracilo) 500 mg,Líquido Parenteral,L01BC02,Nivel 3 · Esencial,Medicamentos de uso en oncología,,
minsal-00505001,00505001,Dolutegravir,50 mg,Sólido Oral,J05AX12,Nivel 2A · Esencial,Medicamentos antivirales,,
minsal-02900070,02900070,Suero Antiofídico - Anticoral (Globulina equinas),Sin concentración,Sólido o Líquido Parenteral,J06AA03,Nivel 2A · Vital,Medicamentos biológicos y biotecnológicos,,
minsal-02800159,"02800159, 02800195",Solución para Diálisis Peritoneal continua ambulatoria con Dextrosa,(2.3-2.5) %,Líquido Parenteral,B05DA00,Nivel 2C · Esencial,Soluciones parenterales y electrolitos,,
minsal-02210005,02210005,Ergotamina Tartrato + Cafeína,(1 + 100) mg,Sólido Oral,N02CA52,Nivel 1A · Esencial,Medicamentos de uso en neurología y psiquiatría,,
minsal-02200010,02200010,Dexmedetomidina,100 mcg/ mL,Líquido Parenteral,N05CM18,Nivel 2C · Esencial,Medicamentos de uso en neurología y psiquiatría,,
minsal-00600010,00600010,Nitrofurantoína,50 mg/5 mL,Suspensión Oral,J01XE01,Nivel 1B · Esencial,Medicamentos antisépticos urinarios y otros,,
minsal-02202005,02202005,Clozapina,100 mg,Sólido Oral,N05AH02,Nivel 2B · Esencial,Medicamentos de uso en neurología y psiquiatría,,
minsal-01400020,01400020,Propofol,20 mg/mL,Emulsión Parenteral,N01AX10,Nivel 2C · Esencial,Medicamentos anestésicos generales,,
minsal-02209008,02209008,Ácido Valproico,100 mg/mL,Líquido Parenteral,N03AG01,Nivel 3 · Esencial,Medicamentos de uso en neurología y psiquiatría,,
minsal-01002010,01002010,Sulfasalazina,500 mg,Sólido Oral,A07EC01,Nivel 2C · Esencial,Analgésicos antirreumáticos,,
minsal-02201030,02201030,Haloperidol,5 mg/mL,Líquido Parenteral,N05AD01,Nivel 2A · Esencial,Medicamentos de uso en neurología y psiquiatría,,
minsal-00711020,00711020,Norepinefrina (Bitartrato),1 mg/mL,Líquido Parenteral,C01CA03,Nivel 2B · Vital,Medicamentos cardiovasculares,,
minsal-02703011,02703011,Zinc (Gluconato),50 mg,Sólido Oral,A12CB02,Nivel 1A · Esencial,Micronutrientes,,
minsal-00706011,00706011,Valsartán,160 mg,Sólido Oral,C09CA03,Nivel 1B · Esencial,Medicamentos cardiovasculares,,
minsal-00106005,00106005,Meglumina Antimoniato,300 mg/mL (Equivalente a 81 mg/mL de Antimonio),Líquido Parenteral,P01CB01,Nivel 2B · Esencial,Medicamentos antiparasitarios,,
minsal-02104015,02104015,Ranitidina (Clorhidrato),50 mg,Líquido Parenteral,A02BA02,Nivel 2A · Esencial,Medicamentos de uso gastrointestinal,,
minsal-00503010,00503010,Efavirenz,600 mg,Sólido Oral,J05AG03,Nivel 2A · Esencial,Medicamentos antivirales,,
minsal-02605020,02605020,Vinblastina Sulfato,10 mg,Sólido Parenteral,L01CA01,Nivel 3 · Esencial,Medicamentos de uso en oncología,,
minsal-00504035,00504035,Ritonavir,400 mg/5 mL,Líquido Oral,J05AE03,Nivel 2A · Esencial,Medicamentos antivirales,,
minsal-00502090,00502090,Abacavir (Sulfato) + Lamivudina,(120 + 60) mg,Tableta Dispersable Oral,J05AR02,Nivel 2B · Esencial,Medicamentos antivirales,,
minsal-03000035,03000035,Carbón Activado,Sin concentración,Sólido para Suspensión Oral,A07BA01,Nivel 2A · Esencial,Antídotos,,
minsal-04100115,"04100115, 04100120",Monóxido de Carbono + Metano + Oxígeno,"(0.3 + 0.3 + 21) %, mezcla de difusión pulmonar con balance de Nitrógeno",Gas Medicinal Inhalatorio,,Nivel 1B · Esencial,Medicamentos gases medicinales,,
minsal-02209045,02209045,Fenobarbital,20 mg/5 mL,Líquido Oral,N03AA02,Nivel 1B · Esencial,Medicamentos de uso en neurología y psiquiatría,,
minsal-02800065,"02800065, 02800070",Dextrosa + Sodio Cloruro,(5 + 0.9)%,Líquido Parenteral,B05BB02,Nivel 1A · Esencial,Soluciones parenterales y electrolitos,,
minsal-02303010,02303010,Levotiroxina Sódica,0.1 mg (100 mcg),Sólido Oral,H03AA01,Nivel 1B · Esencial,Medicamentos de uso en endocrinología,,
minsal-02605015,02605015,Vincristina Sulfato,1 mg,Sólido o Líquido Parenteral,L01CA02,Nivel 3 · Esencial,Medicamentos de uso en oncología,,
minsal-01300009,01300009,Oxicodona Clorhidrato,10 mg,Sólido de Liberación Prolongada Oral,N02AA05,Nivel 2B · Esencial,Medicamentos analgésicos narcóticos y antagonistas,,
minsal-01300002,01300002,Acetaminofén + Oxicodona Clorhidrato,(325 + 5) mg,Sólido Oral,N02AJ17,Nivel 2B · Esencial,Medicamentos analgésicos narcóticos y antagonistas,,
minsal-02209085,02209085,Lamotrigina,25 mg,Sólido Oral,N03AX09,Nivel 2B · Esencial,Medicamentos de uso en neurología y psiquiatría,,
